,Unnamed: 0_x,country,province,age,sex,RecoveryRate,Hospitalizations,NonHospitalizations,deceased,Unnamed: 0_y,Confirmed,Deaths,Recovered,Active,Incidence_Rate,Case-Fatality_Ratio
0,68,Australia,New South Wales,44.5,0.5204081632653061,0.0,0.0,0.24489795918367346,0.005102040816326529,6,4200,53,2994,1153.0,51.736881005173686,1.2619047619047619
1,69,Australia,Queensland,43.17391304347826,0.6304347826086957,0.08695652173913042,0.0,0.16304347826086954,0.0,8,1152,6,1123,23.0,22.51979278662888,0.5208333333333334
2,70,Australia,South Australia,51.45454545454545,0.5454545454545454,0.06818181818181818,0.0,0.18181818181818185,0.0,9,466,4,462,0.0,26.530031312268715,0.8583690987124464
3,71,Australia,Tasmania,23.0,1.0,0.0,0.0,0.25,0.0,10,230,13,217,0.0,42.95051353874883,5.6521739130434785
4,72,Australia,Victoria,50.96153846153846,0.6538461538461539,0.0,0.0,0.25,0.0,11,20042,761,18379,902.0,302.2971688864085,3.797026244885741
5,93,Brazil,Acre,47.75,0.625,0.0,0.0,0.25,0.0,17,27061,648,24298,2115.0,3068.366716367985,2.3945900003695355
6,94,Brazil,Alagoas,46.14285714285714,0.42857142857142855,0.0,0.0,0.25,0.0,18,83950,2014,80658,1278.0,2515.463583907865,2.3990470518165576
7,95,Brazil,Amapa,38.5,0.5,0.0,0.0,0.25,0.0,19,46738,691,35026,11021.0,5526.343482738601,1.4784543626171425
8,96,Brazil,Amazonas,45.0,0.625,0.0,0.0,0.25,0.0,20,131573,3956,109874,17743.0,3174.566791415426,3.0066959026548
9,97,Brazil,Bahia,48.46,0.5,0.0,0.0,0.25,0.0,21,294210,6221,280351,7638.0,1978.1398103309448,2.1144760545188808
10,98,Brazil,Ceara,62.64285714285714,0.42857142857142855,0.0,0.0,0.25,0.0,22,233600,8801,206727,18072.0,2558.0158207146287,3.7675513698630136
11,99,Brazil,Distrito Federal,48.5,0.6363636363636364,0.0,0.0,0.25,0.0,23,183096,3048,170627,9421.0,6072.296061245634,1.6647004849914802
12,100,Brazil,Espirito Santo,44.714285714285715,0.6666666666666666,0.0,0.0,0.25,0.0,24,123720,3408,113545,6767.0,3078.645813892725,2.754607177497576
13,101,Brazil,Goias,49.4,0.2,0.0,0.0,0.25,0.0,25,182856,4135,172741,5980.0,2605.3972199179466,2.2613422583891154
14,102,Brazil,Maranhao,57.33333333333334,0.3333333333333333,0.0,0.0,0.25,0.0,26,167333,3643,157810,5880.0,2365.070236365685,2.177095970310698
15,103,Brazil,Mato Grosso,40.333333333333336,0.3333333333333333,0.0,0.0,0.25,0.0,27,112242,3214,92468,16560.0,3221.2109402129336,2.8634557474029334
16,104,Brazil,Mato Grosso do Sul,40.0,0.5,0.0,0.0,0.25,0.0,28,63466,1162,56313,5991.0,2283.782645900339,1.8309015851006842
17,105,Brazil,Minas Gerais,43.422222222222224,0.5333333333333333,0.0,0.0,0.25,0.0,29,268009,6656,233463,27890.0,1266.0571876778415,2.4834986884768795
18,106,Brazil,Para,39.16666666666666,0.5,0.0,0.0,0.25,0.0,30,220205,6451,204728,9026.0,2559.670528364679,2.9295429259099475
19,107,Brazil,Paraiba,45.875,0.625,0.0,0.0,0.25,0.0,31,116588,2695,89305,24588.0,2901.550896723772,2.3115586509760866
20,108,Brazil,Parana,40.02777777777778,0.4722222222222222,0.0,0.0,0.25,0.0,32,163479,4093,114358,45028.0,1429.7674899424585,2.503685488656035
21,109,Brazil,Pernambuco,46.230769230769226,0.5,0.0,0.0,0.25,0.0,33,141042,8004,122512,10526.0,1475.786880729462,5.674905347343342
22,110,Brazil,Piaui,40.0,1.0,0.0,0.0,0.25,0.0,34,90061,2025,87492,544.0,2751.443758712732,2.248476032911027
23,112,Brazil,Rio Grande do Norte,41.36363636363637,0.4545454545454545,0.0,0.0,0.25,0.0,35,66963,2348,39924,24691.0,1909.489790418931,3.506413989815272
24,113,Brazil,Rio Grande do Sul,45.82758620689656,0.5977011494252874,0.0,0.0,0.25,0.0,36,174140,4371,159153,10616.0,1530.5998230326354,2.510049385551855
25,114,Brazil,Rio de Janeiro,49.512195121951216,0.3902439024390244,0.0,0.0,0.25,0.0,37,251261,17634,228258,5369.0,1455.324816305504,7.018200198200277
26,115,Brazil,Rondonia,37.333333333333336,0.3333333333333333,0.0,0.0,0.25,0.0,38,62697,1297,52932,8468.0,3527.8031763001313,2.068679522146195
27,116,Brazil,Roraima,90.0,0.0,0.0,0.0,0.25,0.0,39,48088,613,15164,32311.0,7938.444369974297,1.2747462984528364
28,117,Brazil,Santa Catarina,45.944444444444436,0.5555555555555556,0.0,0.0,0.25,0.0,40,205250,2635,194520,8095.0,2864.7044406617474,1.2838002436053593
29,118,Brazil,Sao Paulo,41.71153846153846,0.5384615384615384,0.019230769230769232,0.0,0.2307692307692308,0.0,41,931673,33927,780448,117298.0,2028.946636068181,3.641513707062456
30,119,Brazil,Sergipe,48.13333333333333,0.3333333333333333,0.0,0.0,0.25,0.0,42,75772,1976,68932,4864.0,3296.303643456987,2.6078234704112337
31,120,Brazil,Tocantins,40.333333333333336,0.3333333333333333,0.0,0.0,0.25,0.0,43,63167,866,45266,17035.0,4016.0445962974595,1.3709690186331471
32,122,Canada,Alberta,44.884615384615394,0.4615384615384616,0.0,0.0,0.25,0.0,49,16381,255,14702,1424.0,371.18645066354026,1.5566815212746474
33,123,Canada,British Columbia,53.403508771929815,0.543859649122807,0.0,0.0,0.2412280701754386,0.008771929824561403,50,7842,223,5797,1822.0,153.43626202499468,2.8436623310380007
34,124,Canada,Manitoba,52.57142857142857,0.5,0.0,0.0,0.25,0.0,52,1558,16,1211,331.0,113.10205246105856,1.0269576379974326
35,125,Canada,New Brunswick,50.66666666666666,0.8333333333333334,0.0,0.0,0.25,0.0,53,194,2,192,0.0,24.872018082213557,1.0309278350515465
36,126,Canada,Newfoundland and Labrador,40.0,0.0,0.0,0.0,0.25,0.0,54,272,3,267,2.0,52.17074410441821,1.1029411764705883
37,127,Canada,Nova Scotia,54.5,0.625,0.0,0.0,0.25,0.0,56,1086,65,1021,0.0,111.10463171269942,5.985267034990794
38,128,Canada,Ontario,48.516393442622956,0.4836065573770492,0.008196721311475409,0.0,0.24180327868852455,0.0,57,48317,2876,42573,2868.0,328.4228396649852,5.952356313512842
39,129,Canada,Prince Edward Island,49.0,0.5,0.0,0.0,0.25,0.0,58,57,0,56,1.0,36.039909457630976,0.0
40,130,Canada,Quebec,42.46153846153846,0.5769230769230769,0.0,0.0,0.25,0.0,59,67080,5797,58490,2793.0,785.6940895143103,8.641920095408468
41,131,Canada,Saskatchewan,40.214285714285715,0.5714285714285714,0.0,0.0,0.25,0.0,60,1787,24,1642,121.0,151.22716571349258,1.3430330162283155
42,132,Chile,Antofagasta,56.16666666666666,0.3333333333333333,0.0,0.0,0.25,0.0,63,19391,489,18423,479.0,3191.755523147676,2.521788458563251
43,133,Chile,Araucania,47.83333333333334,0.3333333333333333,0.0,0.0,0.25,0.0,64,6358,103,5770,485.0,664.2123473711482,1.620006291286568
44,134,Chile,Arica y Parinacota,40.0,1.0,0.0,0.0,0.25,0.0,65,7561,138,7030,393.0,3344.568890776226,1.825155402724508
45,135,Chile,Atacama,45.0,0.5,0.0,0.0,0.25,0.0,66,6552,56,6083,413.0,2267.5674179079683,0.8547008547008547
46,136,Chile,Aysen,61.5,0.5,0.0,0.0,0.25,0.0,67,223,1,155,67.0,216.1732488028073,0.4484304932735426
47,137,Chile,Biobio,42.583333333333336,0.5833333333333334,0.0,0.0,0.25,0.0,68,21564,286,19404,1874.0,1385.144574946766,1.3262845483212762
48,138,Chile,Coquimbo,38.25,0.75,0.0,0.0,0.25,0.0,69,11497,192,10756,549.0,1517.5834822713198,1.6700008697921196
49,139,Chile,Los Lagos,41.142857142857146,0.42857142857142855,0.0,0.0,0.25,0.0,70,8086,85,7312,689.0,975.7357235600476,1.0511996042542666
50,140,Chile,Los Rios,38.75,0.75,0.0,0.0,0.25,0.0,71,1500,15,1254,231.0,389.77541140794676,1.0
51,141,Chile,Magallanes,58.0,0.3333333333333333,0.0,0.0,0.25,0.0,72,6273,64,4924,1285.0,3766.8209904343294,1.0202454965726129
52,142,Chile,Maule,59.75,0.3333333333333333,0.0,0.0,0.25,0.0,73,14317,297,12693,1327.0,1370.1134025551462,2.074456939302926
53,144,Chile,Nuble,27.7,0.8,0.0,0.0,0.25,0.0,75,5881,105,5223,553.0,1223.6558200116935,1.7854106444482232
54,145,Chile,OHiggins,40.0,0.5,0.0,0.0,0.25,0.0,76,15386,383,14218,785.0,1682.3482458682092,2.489275965163136
55,147,Chile,Tarapaca,53.5,0.0,0.0,0.0,0.25,0.0,77,11401,218,10898,285.0,3449.016511474537,1.912112972546268
56,148,Chile,Valparaiso,45.4,0.6,0.0,0.0,0.25,0.0,78,26095,823,24120,1152.0,1437.026888014882,3.1538608928913585
57,149,China,Anhui,45.22395833333334,0.5572916666666666,0.0026041666666666665,0.0,0.2473958333333333,0.0,79,991,6,985,0.0,1.5670461733080334,0.6054490413723511
58,150,China,Beijing,42.16666666666666,0.5454545454545454,0.03787878787878788,0.0,0.21212121212121213,0.0,80,935,9,926,0.0,4.340761374187558,0.9625668449197858
59,151,China,Chongqing,44.30985915492958,0.5633802816901409,0.0035211267605633804,0.0,0.24647887323943665,0.0,81,584,6,577,1.0,1.8826563507414569,1.0273972602739727
60,152,China,Fujian,46.338028169014095,0.5211267605633803,0.0,0.0,0.25,0.0,82,395,1,380,14.0,1.002283684344075,0.2531645569620253
61,153,China,Gansu,44.725,0.4375,0.0375,0.0,0.2,0.0125,83,170,2,168,0.0,0.6446719757299962,1.1764705882352942
62,154,China,Guangdong,44.53947368421053,0.5263157894736842,0.0,0.0,0.25,0.0,84,1797,8,1767,22.0,1.5838180856689583,0.44518642181413465
63,155,China,Guangxi,45.95348837209303,0.5465116279069767,0.005813953488372093,0.0,0.2441860465116279,0.0,85,258,2,253,3.0,0.5237515225334958,0.7751937984496124
64,156,China,Guizhou,42.13333333333333,0.5166666666666667,0.05,0.0,0.2,0.0,86,147,2,145,0.0,0.4083333333333333,1.3605442176870748
65,157,China,Hainan,47.53763440860215,0.4301075268817205,0.0,0.0,0.2446236559139785,0.005376344086021507,87,171,6,165,0.0,1.8308351177730195,3.5087719298245608
66,158,China,Hebei,45.49090909090909,0.6545454545454545,0.0,0.0,0.24545454545454545,0.004545454545454545,88,365,6,356,3.0,0.4830598200105876,1.643835616438356
67,159,China,Heilongjiang,49.38888888888889,0.6666666666666666,0.0,0.0,0.2222222222222222,0.027777777777777776,89,948,13,935,0.0,2.5125894513649616,1.3713080168776368
68,160,China,Henan,44.172661870503596,0.5251798561151079,0.0,0.0,0.25,0.0,90,1279,22,1254,3.0,1.3315981259760539,1.7200938232994527
69,161,China,Hong Kong,52.39024390243903,0.5609756097560976,0.024390243902439025,0.0,0.21341463414634146,0.012195121951219513,91,5009,103,4708,198.0,66.81349896785214,2.056298662407666
70,162,China,Hubei,48.45454545454545,0.509090909090909,0.0,0.0,0.2409090909090909,0.00909090909090909,92,68139,4512,63627,0.0,115.1580192665202,6.6217584643155885
71,163,China,Hunan,44.52100840336134,0.4873949579831933,0.0,0.0,0.25,0.0,93,1019,4,1015,0.0,1.4770256558921582,0.3925417075564279
72,164,China,Inner Mongolia,44.77272727272727,0.6136363636363636,0.0,0.0,0.25,0.0,94,261,1,259,1.0,1.0299921073401737,0.3831417624521073
73,165,China,Jiangsu,45.12658227848101,0.5443037974683544,0.1360759493670886,0.0,0.1139240506329114,0.0,95,665,0,664,1.0,0.8259843497702148,0.0
74,166,China,Jiangxi,44.53061224489796,0.5510204081632653,0.0,0.0,0.25,0.0,96,935,1,934,0.0,2.011617900172117,0.106951871657754
75,167,China,Jilin,44.66666666666666,0.5333333333333333,0.008333333333333333,0.0,0.2416666666666667,0.0,97,157,2,155,0.0,0.5806213017751479,1.2738853503184713
76,168,China,Liaoning,45.0,0.4545454545454545,0.011363636363636364,0.0,0.23863636363636365,0.0,98,265,2,262,1.0,0.6079376003670567,0.7547169811320755
77,169,China,Macau,58.0,0.42857142857142855,0.0,0.0,0.25,0.0,99,46,0,46,0.0,7.084094360136879,0.0
78,170,China,Ningxia,40.375,0.75,0.0,0.0,0.25,0.0,100,75,0,75,0.0,1.0901162790697674,0.0
79,172,China,Qinghai,38.95652173913044,0.5652173913043478,0.17391304347826084,0.0,0.07608695652173914,0.0,101,18,0,18,0.0,0.29850746268656714,0.0
80,173,China,Shaanxi,44.88148148148147,0.6222222222222222,0.08518518518518517,0.0,0.1648148148148148,0.0,102,399,3,372,24.0,1.0326086956521738,0.7518796992481203
81,174,China,Shandong,45.47560975609756,0.5609756097560976,0.0,0.0,0.25,0.0,103,831,7,815,9.0,0.8271125709166915,0.8423586040914561
82,175,China,Shanghai,44.029411764705884,0.6764705882352942,0.0,0.0,0.25,0.0,104,972,7,916,49.0,4.00990099009901,0.7201646090534979
83,176,China,Shanxi,34.166666666666664,0.6666666666666666,0.0,0.0,0.25,0.0,105,203,0,203,0.0,0.5459924690693921,0.0
84,177,China,Sichuan,42.98648648648647,0.581081081081081,0.0,0.0,0.25,0.0,106,672,3,652,17.0,0.8056587939096032,0.44642857142857145
85,178,China,Tianjin,46.72,0.44,0.0,0.0,0.25,0.0,107,237,3,226,8.0,1.5192307692307692,1.2658227848101269
86,179,China,Tibet,50.5,0.5,0.0,0.0,0.25,0.0,108,1,0,1,0.0,0.02906976744186046,0.0
87,180,China,Xinjiang,42.269230769230774,0.6538461538461539,0.0,0.0,0.25,0.0,109,902,3,899,0.0,3.626859670285485,0.3325942350332594
88,181,China,Yunnan,44.66666666666666,0.463768115942029,0.014492753623188406,0.0,0.2355072463768116,0.0,110,206,2,196,8.0,0.42650103519668736,0.9708737864077672
89,182,China,Zhejiang,47.37777777777778,0.4888888888888889,0.005555555555555557,0.0,0.24444444444444444,0.0,111,1282,1,1272,9.0,2.2346173958514903,0.078003120124805
90,183,Colombia,Amazonas,38.36318407960199,0.5562189054726369,0.0,0.0,0.25,0.0,112,2732,115,2597,20.0,3567.091880034992,4.209370424597363
91,184,Colombia,Antioquia,37.76983240223464,0.5787709497206703,0.0,0.0,0.25,0.0,113,102501,2187,85968,14346.0,1599.8028437817914,2.133637720607604
92,185,Colombia,Arauca,32.5,0.5,0.0,0.0,0.25,0.0,114,1449,34,1122,293.0,552.6863838519456,2.3464458247066937
93,187,Colombia,Atlantico,38.67789244975557,0.5573058120586638,0.0,0.0,0.25,0.0,115,66512,3016,61671,1825.0,2623.212544029482,4.5345200866009145
94,192,Colombia,Bolivar,42.66304347826087,0.532608695652174,0.0,0.0,0.25,0.0,116,27972,754,25630,1588.0,1351.2325431981876,2.695552695552696
95,193,Colombia,Boyaca,41.80141843971632,0.4397163120567376,0.0,0.0,0.25,0.0,117,5995,117,4266,1612.0,492.4526194043582,1.95162635529608
96,195,Colombia,Caldas,41.10077519379845,0.4108527131782946,0.0,0.0,0.25,0.0,118,4653,106,3183,1364.0,466.1133678268579,2.278100150440576
97,196,Colombia,Caqueta,34.473684210526315,0.5789473684210527,0.0,0.0,0.25,0.0,120,7759,274,6504,981.0,1932.556060066403,3.5313829101688365
98,199,Colombia,Casanare,38.185185185185176,0.5925925925925926,0.0,0.0,0.25,0.0,121,1771,41,1203,527.0,421.1612731389,2.3150762281197066
99,200,Colombia,Cauca,41.528301886792455,0.5094339622641509,0.0,0.0,0.25,0.0,122,8192,224,6257,1711.0,559.3763827358093,2.734375
100,201,Colombia,Cesar,38.723636363636366,0.4654545454545455,0.0,0.0,0.25,0.0,123,17236,494,12740,4002.0,1435.6466157021555,2.866094221397076
101,202,Colombia,Choco,36.86,0.508,0.0,0.0,0.25,0.0,124,3930,154,3636,140.0,734.8184269276362,3.9185750636132317
102,203,Colombia,Cordoba,41.23972602739725,0.4041095890410959,0.0,0.0,0.25,0.0,125,22745,1480,19406,1859.0,1274.384617065492,6.506924598812926
103,204,Colombia,Cundinamarca,37.325524044389645,0.5166461159062885,0.0,0.0,0.25,0.0,126,30582,898,25087,4597.0,1047.666029475242,2.9363677980511413
104,205,Colombia,Guainia,41.0,0.6666666666666666,0.0,0.0,0.25,0.0,127,547,10,234,303.0,1136.8832356486678,1.828153564899452
105,206,Colombia,Huila,41.952380952380956,0.5238095238095238,0.0,0.0,0.25,0.0,129,9380,282,6258,2840.0,852.4281479408135,3.0063965884861408
106,207,Colombia,La Guajira,38.14754098360656,0.5901639344262295,0.0,0.0,0.25,0.0,130,7207,275,5698,1234.0,818.4564368129373,3.8157347023726933
107,208,Colombia,Magdalena,42.051948051948045,0.5324675324675324,0.0,0.0,0.25,0.0,131,14454,789,12119,1546.0,1077.2530717438324,5.4586965545869655
108,209,Colombia,Meta,38.05135135135135,0.8702702702702703,0.0,0.0,0.25,0.0,132,14066,366,11374,2326.0,1352.8616303204124,2.602019053035689
109,210,Colombia,Narino,40.120445344129564,0.5080971659919028,0.0,0.0,0.25,0.0,133,17412,638,14545,2229.0,1067.8330324201272,3.664139673788192
110,211,Colombia,Norte de Santander,40.8421052631579,0.5578947368421052,0.0,0.0,0.25,0.0,134,14427,831,11890,1706.0,967.1587039925882,5.7600332709502995
111,212,Colombia,Putumayo,45.875,0.5,0.0,0.0,0.25,0.0,135,3619,160,3065,394.0,1039.3989350397203,4.421110804089527
112,213,Colombia,Quindio,42.69662921348315,0.5617977528089888,0.0,0.0,0.25,0.0,136,2531,76,1571,884.0,468.7870436225699,3.0027657052548395
113,214,Colombia,Risaralda,37.7258883248731,0.4771573604060914,0.0,0.0,0.25,0.0,137,9468,195,6938,2335.0,1003.602921769216,2.0595690747782003
114,217,Colombia,Santander,45.672566371681405,0.5132743362831859,0.0,0.0,0.25,0.0,139,27012,1158,20338,5516.0,1236.3393699392675,4.286983562860952
115,218,Colombia,Sucre,40.6,0.5,0.0,0.0,0.25,0.0,140,13512,559,11964,989.0,1493.264726262429,4.137063351095323
116,219,Colombia,Tolima,36.404371584699454,0.6502732240437158,0.0,0.0,0.25,0.0,141,10862,277,8129,2456.0,816.5769173807892,2.5501749217455347
117,221,Colombia,Valle del Cauca,42.34485981308411,0.5051401869158878,0.0,0.0,0.25,0.0,142,56837,2092,47119,7626.0,1269.8491427172185,3.680700951844748
118,222,Colombia,Vaupes,34.666666666666664,0.8333333333333334,0.0,0.0,0.25,0.0,143,679,5,457,217.0,1664.3380640733387,0.7363770250368189
119,223,Colombia,Vichada,20.0,1.0,0.0,0.0,0.25,0.0,144,397,4,221,172.0,368.24725437815374,1.0075566750629723
120,399,France,Guadeloupe,49.0,0.6666666666666666,0.0,0.0,0.25,0.0,158,3426,26,837,2563.0,856.2281475631488,0.7589025102159953
121,402,France,Martinique,49.0,0.5,0.0,0.0,0.25,0.0,159,1122,18,98,1006.0,298.98871464165325,1.6042780748663101
122,403,France,Mayotte,52.33333333333334,0.3333333333333333,0.0,0.0,0.25,0.0,160,3541,40,2964,537.0,1297.9586749898285,1.1296243998870377
123,412,Germany,Baden-Wurttemberg,49.21212476547842,0.4920262664165103,0.0,0.0,0.25,0.0,168,46779,1871,41228,3680.0,422.5923532636833,3.9996579661814073
124,414,Germany,Bayern,47.85315524274175,0.4932416220107174,0.0,0.0,0.25,0.0,169,64465,2648,56398,5419.0,492.9752649765945,4.1076553168385965
125,415,Germany,Berlin,45.35732538330494,0.4957410562180579,0.0,0.0,0.25,0.0,170,13064,227,11667,1170.0,358.42588919196686,1.7375995101041029
126,416,Germany,Brandenburg,48.625391849529784,0.4905956112852665,0.0,0.0,0.25,0.0,171,4117,173,3792,152.0,163.8987275455359,4.202088899684236
127,417,Germany,Bremen,43.59299191374664,0.5013477088948787,0.0,0.0,0.25,0.0,172,2192,59,2015,118.0,320.94362109911475,2.6916058394160585
128,418,Germany,Hamburg,45.82840236686391,0.4881656804733728,0.0,0.0,0.25,0.0,173,7149,269,6129,751.0,388.28381162287866,3.7627640229402712
129,420,Germany,Hessen,47.18964053212567,0.5015567506368526,0.0,0.0,0.25,0.0,174,17516,543,15649,1324.0,279.54889783585804,3.100022836263987
130,422,Germany,Mecklenburg-Vorpommern,46.69230769230769,0.5039787798408488,0.0,0.0,0.25,0.0,175,1105,20,1014,71.0,68.64739776662991,1.8099547511312213
131,423,Germany,Niedersachsen,47.77506708953403,0.493535008538668,0.0,0.0,0.25,0.0,176,18775,669,16482,1624.0,235.2035365592109,3.5632490013315583
132,424,Germany,Nordrhein-Westfalen,47.60389923752533,0.4947398899720104,0.0,0.0,0.25,0.0,177,64692,1844,58524,4324.0,360.7497854054038,2.8504297285599463
133,425,Germany,Rheinland-Pfalz,46.69387064002709,0.4873010497798849,0.0,0.0,0.25,0.0,178,10075,247,9057,771.0,246.6434458696587,2.4516129032258065
134,427,Germany,Saarland,49.45704467353952,0.4810996563573883,0.0,0.0,0.25,0.0,179,3275,176,3003,96.0,330.63808607493723,5.374045801526719
135,428,Germany,Sachsen,48.47710976282405,0.4627688913403199,0.0,0.0,0.25,0.0,180,6658,226,5826,606.0,163.26882931246854,3.3944127365575247
136,429,Germany,Sachsen-Anhalt,49.59313725490196,0.4571078431372549,0.0,0.0,0.25,0.0,181,2423,66,2213,144.0,109.72136750046757,2.723895996698308
137,432,Germany,Schleswig-Holstein,48.66469321851453,0.4903121636167922,0.0,0.0,0.25,0.0,182,4384,161,3981,242.0,151.34400658401663,3.672445255474453
138,433,Germany,Thuringen,50.93564356435643,0.4596888260254597,0.0,0.0,0.25,0.0,183,3919,189,3532,198.0,182.86210219093903,4.82265884154121
139,449,India,Andaman and Nicobar Islands,45.56363636363636,0.5454545454545454,0.15,0.1,0.0,0.0,186,3631,52,3414,165.0,870.6682396723544,1.4321123657394657
140,450,India,Andhra Pradesh,44.742715530189244,0.5609792730549714,0.0943226194052268,0.15436317212376088,0.0,0.001314208471012316,187,609558,5244,519891,84423.0,1130.8341944263138,0.8602954927997007
141,451,India,Arunachal Pradesh,44.861111111111114,0.5833333333333334,0.0,0.25,0.0,0.0,188,7005,13,5106,1886.0,446.0482228751103,0.185581727337616
142,452,India,Assam,44.515723270440255,0.5477415666094911,0.02715837621497999,0.2222698684962836,0.0,0.0005717552887364207,189,152858,540,123687,28631.0,429.2915229485945,0.3532690470894556
143,453,India,Bihar,36.496538081107815,0.7362347510715463,0.07575008242664029,0.17334322453016815,0.0,0.0009066930431915596,190,165218,859,151750,12609.0,132.3862964470027,0.519919137140021
144,454,India,Chandigarh,40.40963855421687,0.5100401606425703,0.09889558232931726,0.14909638554216867,0.0,0.002008032128514056,191,9506,113,6415,2978.0,820.5629306854802,1.1887229118451503
145,455,India,Chhattisgarh,46.475328947368425,0.5361842105263158,0.039884868421052634,0.20970394736842105,0.0,0.00041118421052631577,192,81617,645,44392,36580.0,277.2671542087029,0.790276535525687
146,456,India,Dadra and Nagar Haveli and Daman and Diu,51.0,0.3333333333333333,0.08333333333333333,0.16666666666666666,0.0,0.0,193,2859,2,2639,218.0,464.33142122119654,0.06995452955578874
147,457,India,Delhi,45.02210948479759,0.5539711376958146,0.06745963733589277,0.17851266582113598,0.0,0.00402769684297124,194,238828,4907,201671,32250.0,1276.4095751134014,2.0546167116083542
148,458,India,Goa,42.85454545454545,0.6181818181818182,0.08409090909090909,0.16590909090909092,0.0,0.0,195,27379,335,21314,5730.0,1726.02048857368,1.2235655064100224
149,459,India,Gujarat,45.22472302799426,0.5635200782860937,0.09147939747667144,0.1505172474050257,0.0,0.008003355118302871,196,120336,3286,100974,16076.0,188.4006266932294,2.7306874085892834
150,460,India,Haryana,45.13572303921568,0.5563725490196079,0.06701899509803921,0.18152573529411764,7.659313725490196e-05,0.0013786764705882356,197,106261,1092,83878,21291.0,376.749372054834,1.0276583130217107
151,461,India,Himachal Pradesh,44.637744034707154,0.5488069414316703,0.05314533622559653,0.1941431670281996,0.0,0.0027114967462039045,198,11622,111,7081,4430.0,155.95907382693534,0.9550851832731028
152,462,India,Jammu and Kashmir,45.3825327510917,0.5484716157205239,0.058879184861717615,0.1892285298398836,0.0,0.0018922852983988356,199,61041,966,39305,20770.0,448.6224048824369,1.5825428810144002
153,463,India,Jharkhand,44.75,0.5455426356589147,0.06807170542635659,0.1814437984496124,0.0,0.0004844961240310077,200,68578,602,54052,13924.0,177.69107218572196,0.8778325410481496
154,464,India,Karnataka,35.32441835181561,0.5957816916721026,0.06626440530550119,0.18128941074146554,0.0,0.002446183953033268,201,502982,7808,394026,101148.0,744.4671456667662,1.5523418333061618
155,465,India,Kerala,43.419139915202905,0.5857056329497274,0.04906117504542702,0.1994245911568746,0.0,0.0015142337976983644,202,126381,501,90085,35795.0,354.0139267719107,0.3964203479953474
156,466,India,Ladakh,43.00925925925926,0.5740740740740741,0.07175925925925926,0.17824074074074073,0.0,0.0,203,3635,48,2600,987.0,1325.2445413414318,1.3204951856946354
157,467,India,Madhya Pradesh,45.071309990944755,0.5506338665861756,0.088703591910655,0.15641035315424087,0.0,0.0048860549351041355,205,100458,1901,76952,21605.0,117.68886841587171,1.8923331143363402
158,468,India,Maharashtra,45.12027413979253,0.5493686335257945,0.07571703515936723,0.16933530488663567,0.0,0.00494765995399709,206,1167496,31791,834432,301273.0,948.0720829266996,2.7230071880331925
159,469,India,Manipur,39.611111111111114,0.5111111111111111,0.027777777777777776,0.2222222222222222,0.0,0.0,207,8607,52,6629,1926.0,278.40448707685,0.6041594051353549
160,470,India,Meghalaya,46.51282051282051,0.5641025641025641,0.07692307692307693,0.17307692307692307,0.0,0.0,208,4445,32,2437,1976.0,132.02800359995368,0.7199100112485939
161,471,India,Mizoram,36.5,1.0,0.125,0.125,0.0,0.0,209,1548,0,973,575.0,124.91486745144621,0.0
162,472,India,Nagaland,46.37209302325582,0.5581395348837209,0.0,0.25,0.0,0.0,210,5357,15,4129,1213.0,238.1211675360437,0.2800074668657831
163,473,India,Odisha,43.862886288628864,0.588058805880588,0.09128412841284128,0.15796579657965795,0.0,0.00075007500750075,211,171341,682,137567,33092.0,369.61723504710267,0.3980366637290549
164,474,India,Puducherry,41.583333333333336,0.5416666666666666,0.0546875,0.1953125,0.0,0.0,212,21913,462,16715,4736.0,1550.219236499517,2.1083375165426914
165,475,India,Punjab,45.83115975780159,0.5333022822543083,0.1118421052631579,0.13641127154168609,0.0,0.0017466231951560314,213,92833,2708,68463,21662.0,307.99194184020746,2.9170661295013627
166,476,India,Rajasthan,45.000734655713615,0.5556668670273158,0.09537166900420756,0.15192346223201764,3.3393441528083894e-05,0.0026714753222467106,214,111290,1308,92265,17717.0,137.33963585979478,1.1753077545152304
167,477,India,Sikkim,67.0,0.0,0.0,0.25,0.0,0.0,215,2303,24,1857,422.0,333.646745893885,1.0421189752496742
168,479,India,Tamil Nadu,41.0710648599015,0.5925317899774618,0.08490080414034892,0.1639583739113498,0.0,0.0011408219483012884,216,530908,8685,475717,46506.0,682.0392581739452,1.6358766490616077
169,480,India,Telangana,44.67080129000248,0.5601587695360952,0.07293475564376085,0.17303398660382038,6.201935003721161e-05,0.003969238402381543,217,169169,1025,137508,30636.0,429.7694580752169,0.6059029727668781
170,481,India,Tripura,44.54234527687297,0.5716612377850163,0.07043973941368079,0.1795602605863192,0.0,0.0,218,21484,235,14142,7107.0,515.2292895044695,1.093837274250605
171,482,India,Uttar Pradesh,45.25671441360788,0.5475977320202925,0.08719412115786332,0.159001044464339,1.8651148910772908e-05,0.0037861832288868993,219,342788,4869,270094,67825.0,144.09957679776872,1.4204114496423446
172,483,India,Uttarakhand,44.60505529225908,0.5529225908372828,0.045023696682464455,0.2037914691943128,0.0,0.0011848341232227491,220,38007,464,26250,11293.0,337.81423603426515,1.2208277422580052
173,484,India,West Bengal,45.41448202959831,0.5471458773784356,0.06400634249471457,0.17433932346723044,0.0,0.01165433403805497,221,218772,4242,190021,24509.0,219.63008816556012,1.9390049914979977
174,517,Italy,Abruzzo,44.411764705882355,0.5378151260504201,0.0,0.0,0.25,0.0,223,4137,474,2984,679.0,315.4210951676604,11.457577955039884
175,518,Italy,Basilicata,46.97560975609756,0.5365853658536586,0.0,0.0,0.25,0.0,224,631,28,438,165.0,112.10423739804466,4.437400950871632
176,519,Italy,Calabria,44.902912621359214,0.6019417475728155,0.0,0.0,0.25,0.0,225,1810,98,1267,445.0,92.95727919693128,5.414364640883979
177,520,Italy,Campania,46.45454545454545,0.5056818181818182,0.0,0.0,0.25,0.0,226,10089,456,5060,4573.0,173.8975457504466,4.519774011299433
178,521,Italy,Emilia-Romagna,45.19466666666667,0.52,0.0006666666666666666,0.0,0.2493333333333333,0.0,227,34225,4474,25313,4438.0,767.4666782674292,13.072315558802044
179,522,Italy,Friuli Venezia Giulia,45.335403726708066,0.5093167701863354,0.0,0.0,0.25,0.0,228,4345,350,3314,681.0,357.54842744523626,8.055235903337168
180,523,Italy,Lazio,42.92613636363637,0.5909090909090909,0.002840909090909091,0.0,0.2471590909090909,0.0,229,14179,890,7751,5538.0,241.17710894319896,6.276888356019465
181,524,Italy,Liguria,46.767123287671225,0.5068493150684932,0.0,0.0,0.25,0.0,230,12407,1588,9386,1433.0,800.1212402620853,12.799226243249779
182,526,Italy,Marche,41.45,0.6277777777777778,0.0,0.0,0.25,0.0,231,7703,989,6093,621.0,505.02500867059035,12.839153576528625
183,527,Italy,Molise,51.58333333333334,0.3611111111111111,0.0,0.0,0.25,0.0,232,586,23,459,104.0,191.7432603552813,3.9249146757679183
184,528,Italy,P.A. Bolzano,50.0,0.4,0.0,0.0,0.25,0.0,233,3281,292,2584,405.0,616.3608970577737,8.899725693386163
185,529,Italy,P.A. Trento,41.44,0.64,0.0,0.0,0.25,0.0,234,5689,405,4750,534.0,1050.7593024243745,7.119001582000352
186,530,Italy,Piemonte,46.28571428571429,0.5070028011204482,0.0,0.0,0.25,0.0,235,34241,4154,27783,2304.0,785.9919392269683,12.131655033439445
187,531,Italy,Puglia,44.71078431372549,0.5588235294117647,0.0,0.0,0.25,0.0,236,6944,578,4278,2088.0,172.34819199449598,8.323732718894009
188,532,Italy,Sardegna,47.57142857142857,0.4591836734693878,0.0,0.0,0.25,0.0,237,3167,141,1431,1595.0,193.1579278002868,4.452162930217872
189,533,Italy,Sicilia,44.004219409282705,0.5611814345991561,0.0,0.0,0.25,0.0,238,5846,296,3318,2232.0,116.92254891156628,5.063291139240507
190,535,Italy,Toscana,44.69146005509643,0.5482093663911846,0.0,0.0,0.25,0.0,239,13665,1152,9686,2827.0,366.38915112741415,8.430296377607025
191,537,Italy,Umbria,45.03448275862069,0.5344827586206896,0.0,0.0,0.25,0.0,240,2192,83,1638,471.0,248.52185053542166,3.7864963503649633
192,538,Italy,Valle d'Aosta,46.10526315789475,0.5,0.0,0.0,0.25,0.0,241,1276,146,1082,48.0,1015.3900020689764,11.442006269592474
193,539,Italy,Veneto,44.32517482517483,0.6083916083916084,0.0008741258741258741,0.0,0.24825174825174826,0.0008741258741258741,242,25609,2158,20406,3045.0,522.0090120904537,8.426724979499395
194,541,Japan,Akita,32.0,0.5,0.0,0.0,0.25,0.0,244,52,0,51,1.0,5.3802936398721135,0.0
195,543,Japan,Ehime,39.0,0.0,0.0,0.0,0.25,0.0,247,114,6,108,0.0,8.512449457331346,5.2631578947368425
196,544,Japan,Gifu,54.0,0.5,0.0,0.0,0.25,0.0,251,597,10,552,35.0,30.05154065741898,1.6750418760469012
197,545,Japan,Hokkaido,49.30357142857143,0.6071428571428571,0.0,0.0,0.24107142857142855,0.008928571428571428,254,1933,106,1742,85.0,36.81870397781049,5.483704086911536
198,546,Japan,Hyogo,44.0,0.5,0.0,0.0,0.25,0.0,255,2582,56,2349,177.0,47.23582605068613,2.168861347792409
199,547,Japan,Ishikawa,54.0,1.0,0.0,0.0,0.25,0.0,257,750,44,636,70.0,65.92543042713525,5.866666666666666
200,549,Japan,Kochi,48.5,0.375,0.0,0.0,0.25,0.0,262,137,4,129,4.0,19.626691727707588,2.9197080291970803
201,550,Japan,Kumamoto,46.5,0.5,0.0,0.0,0.25,0.0,263,570,8,537,25.0,32.61677520804639,1.4035087719298245
202,551,Japan,Kyoto,50.66666666666666,0.3333333333333333,0.0,0.0,0.25,0.0,264,1672,25,1554,93.0,64.7320106374206,1.4952153110047848
203,553,Japan,Mie,54.0,1.0,0.0,0.0,0.25,0.0,265,469,5,388,76.0,26.33526533481725,1.0660980810234542
204,554,Japan,Miyagi,74.0,1.0,0.0,0.0,0.25,0.0,266,365,2,263,100.0,15.825769121539741,0.547945205479452
205,555,Japan,Miyazaki,74.0,1.0,0.0,0.0,0.25,0.0,267,365,1,340,24.0,34.00723562169419,0.273972602739726
206,556,Japan,Nagano,54.0,0.0,0.0,0.0,0.25,0.0,268,300,1,296,3.0,14.642789158478909,0.3333333333333333
207,558,Japan,Niigata,54.0,0.3333333333333333,0.0,0.0,0.25,0.0,271,162,0,144,18.0,7.287101919566588,0.0
208,559,Japan,Oita,34.0,0.0,0.0,0.0,0.25,0.0,272,158,2,151,5.0,13.915383897258673,1.2658227848101269
209,560,Japan,Okinawa,60.0,0.0,0.0,0.0,0.25,0.0,274,2343,45,2139,159.0,161.23393853979718,1.9206145966709347
210,561,Japan,Osaka,49.66666666666666,0.375,0.0,0.0,0.25,0.0,275,10001,192,9014,795.0,113.52693719171295,1.91980801919808
211,562,Japan,Saitama,39.2,0.6,0.0,0.0,0.25,0.0,278,4424,100,4011,313.0,60.192990373883646,2.2603978300180843
212,563,Japan,Shiga,64.0,1.0,0.0,0.0,0.25,0.0,279,477,7,448,22.0,33.73544760998145,1.4675052410901468
213,564,Japan,Shizuoka,64.0,1.0,0.0,0.0,0.25,0.0,281,519,2,494,23.0,14.244435612955355,0.3853564547206166
214,566,Japan,Tokyo,53.85714285714285,0.5918367346938775,0.040816326530612235,0.0,0.20918367346938774,0.0,284,24056,390,21208,2458.0,172.8078612347702,1.6212171599600929
215,568,Japan,Yamaguchi,44.0,0.0,0.0,0.0,0.25,0.0,289,195,1,171,23.0,14.355800037693177,0.5128205128205128
216,569,Japan,Yamanashi,64.0,1.0,0.0,0.0,0.25,0.0,290,181,6,168,7.0,22.3193366841111,3.314917127071824
217,595,Mexico,Aguascalientes,42.183098591549296,0.4647887323943662,0.0,0.0,0.25,0.0,300,6581,555,5783,243.0,458.72295043687063,8.433368788937852
218,597,Mexico,Baja California Sur,42.07563025210085,0.5336134453781513,0.0,0.0,0.25,0.0,301,9374,428,8112,834.0,1164.8945953066204,4.565820354171112
219,600,Mexico,Chihuahua,41.65034965034965,0.6083916083916084,0.0,0.0,0.25,0.0,302,9464,1276,7553,635.0,248.95521147382595,13.482671174978867
220,602,Mexico,Ciudad de Mexico,47.60020768431984,0.5514018691588785,0.0,0.0,0.25,0.0,303,116943,11545,98840,6558.0,1296.680377152,9.872330964657996
221,603,Mexico,Coahuila,42.729946524064175,0.5294117647058824,0.0,0.0,0.25,0.0,304,24766,1723,22020,1023.0,769.4362976586966,6.95711863038036
222,604,Mexico,Colima,49.03125,0.625,0.0,0.0,0.25,0.0,305,4380,518,3567,295.0,557.8530553917517,11.82648401826484
223,605,Mexico,Durango,53.31818181818182,0.5606060606060606,0.0,0.0,0.25,0.0,306,8098,559,6859,680.0,433.2807560850853,6.90293899728328
224,607,Mexico,Guanajuato,44.55479452054794,0.4452054794520548,0.0,0.0,0.25,0.0,307,38340,2709,33126,2505.0,615.5896390194561,7.065727699530518
225,609,Mexico,Guerrero,48.21111111111111,0.6055555555555555,0.0,0.0,0.25,0.0,308,17335,1811,14318,1206.0,474.0162010452145,10.447072396884916
226,612,Mexico,Jalisco,46.02439024390244,0.5390243902439025,0.0,0.0,0.25,0.0,309,24400,2974,19623,1803.0,290.1413880387786,12.188524590163937
227,613,Mexico,Michoacan,51.60115606936416,0.5780346820809249,0.0,0.0,0.25,0.0,311,18684,1480,15891,1313.0,387.2009808096778,7.921216013701563
228,615,Mexico,Nayarit,53.414634146341456,0.3414634146341464,0.0,0.0,0.25,0.0,312,5642,695,4662,285.0,437.84936957296105,12.318326834455867
229,616,Mexico,Nuevo Leon,45.44,0.64,0.0,0.0,0.25,0.0,313,35910,2820,30263,2827.0,640.0894948854336,7.85296574770259
230,618,Mexico,Oaxaca,44.30769230769231,0.4551282051282051,0.0,0.0,0.25,0.0,314,15374,1356,13292,726.0,371.0306490043787,8.820085859242877
231,619,Mexico,Puebla,48.48841698841698,0.5347490347490348,0.0,0.0,0.25,0.0,315,29938,3916,25066,956.0,453.3003575921753,13.080366089919169
232,620,Mexico,Queretaro,44.538095238095245,0.5523809523809524,0.0,0.0,0.25,0.0,316,8152,917,6702,533.0,357.60079345966034,11.248773307163882
233,622,Mexico,San Luis Potosi,39.64835164835165,0.521978021978022,0.0,0.0,0.25,0.0,317,21524,1531,19097,896.0,750.974655128741,7.112990150529642
234,624,Mexico,Sonora,46.770408163265316,0.4744897959183674,0.0,0.0,0.25,0.0,318,23749,2827,20240,682.0,772.3892550439142,11.90365910143585
235,625,Mexico,Tabasco,46.646112600536185,0.4557640750670242,0.0,0.0,0.25,0.0,319,30753,2745,27115,893.0,1195.5508852628031,8.925958443078724
236,626,Mexico,Tamaulipas,43.96296296296296,0.5802469135802469,0.0,0.0,0.25,0.0,320,27645,2059,24678,908.0,757.2723622021792,7.448001446916258
237,629,Mexico,Veracruz,46.135371179039296,0.43231441048034935,0.0,0.0,0.25,0.0,321,31680,4046,26543,1091.0,370.9661818891218,12.771464646464649
238,630,Mexico,Yucatan,45.34121621621622,0.5067567567567568,0.0,0.0,0.25,0.0,322,17222,1506,14630,1086.0,762.3396594570047,8.74462896295436
239,631,Mexico,Zacatecas,49.85454545454545,0.6545454545454545,0.0,0.0,0.25,0.0,323,6748,630,5518,600.0,404.9384731155178,9.336099585062241
240,633,Netherlands,Drenthe,42.25,0.5,0.0,0.0,0.25,0.0,330,722,41,0,681.0,146.2479895965419,5.678670360110804
241,634,Netherlands,Flevoland,47.4,0.5,0.0,0.0,0.25,0.0,331,1762,97,0,1665.0,416.52778467262857,5.505107832009081
242,635,Netherlands,Friesland,41.125,0.6875,0.0,0.0,0.25,0.0,332,1011,69,0,942.0,155.54875168665004,6.824925816023739
243,636,Netherlands,Gelderland,48.111111111111114,0.494949494949495,0.0,0.0,0.25,0.0,333,9126,692,0,8434.0,437.4980824103335,7.582730659653738
244,637,Netherlands,Groningen,40.75,0.6875,0.0,0.0,0.25,0.0,334,1011,19,0,992.0,172.5650575387546,1.8793273986152323
245,638,Netherlands,Limburg,47.36363636363637,0.4155844155844156,0.0,0.0,0.25,0.0,335,5990,760,0,5230.0,536.1613532390322,12.68781302170284
246,641,Netherlands,Overijssel,45.95833333333334,0.5416666666666666,0.0,0.0,0.25,0.0,338,4041,314,0,3727.0,347.6410135529238,7.7703538728037636
247,643,Netherlands,Utrecht,46.134615384615394,0.5192307692307693,0.0,0.0,0.25,0.0,340,7260,437,0,6823.0,535.8590056051147,6.019283746556474
248,644,Netherlands,Zeeland,54.8,0.4,0.0,0.0,0.25,0.0,341,1210,72,0,1138.0,315.5248664886515,5.950413223140496
249,677,Nigeria,Plateau,41.0,0.6,0.0,0.0,0.25,0.0,344,57145,1095,48431,7619.0,27.72150698060727,1.9161781433196248
250,693,Pakistan,Gilgit-Baltistan,26.5,0.5,0.0,0.0,0.25,0.0,349,3450,81,3036,333.0,340.37632796097813,2.347826086956522
251,694,Pakistan,Sindh,45.5,1.0,0.0,0.0,0.25,0.0,353,133626,2459,128239,2928.0,279.04994713387407,1.8402107374313381
252,728,Peru,Arequipa,42.611278519156265,0.6375376668101593,0.0,0.0,0.25,0.0,357,39046,1297,0,37749.0,2607.586483237612,3.321723095835681
253,757,Peru,Cajamarca,40.68627450980392,0.6617647058823529,0.0,0.0,0.25,0.0,359,18433,441,0,17992.0,1268.005778358671,2.392448326371181
254,759,Peru,Callao,44.64274035317201,0.6190320470896011,0.0,0.0,0.25,0.0,360,30730,1687,0,29043.0,2719.7097088237892,5.489749430523918
255,776,Peru,Cusco,39.093023255813954,0.5670840787119857,0.0,0.0,0.25,0.0,361,19135,387,0,18748.0,1409.9918944808785,2.02247191011236
256,798,Peru,Huancavelica,34.23741007194245,0.4676258992805755,0.0,0.0,0.25,0.0,362,5997,102,0,5895.0,1641.6643854366275,1.7008504252126062
257,800,Peru,Huanuco,43.0911680911681,0.4700854700854701,0.0,0.0,0.25,0.0,363,14919,366,0,14553.0,1962.251742733132,2.45324753669817
258,809,Peru,Ica,42.858717434869746,0.5270541082164328,0.0,0.0,0.25,0.0,364,25278,1546,0,23732.0,2592.0836751435604,6.1159901890972375
259,814,Peru,Junin,41.2967032967033,0.5054945054945055,0.0,0.0,0.25,0.0,365,17991,723,0,17268.0,1321.4102093279469,4.018676004669001
260,823,Peru,Lambayeque,44.21423276501112,0.5478131949592291,0.0,0.0,0.25,0.0,367,24711,1650,0,23061.0,1885.1846200793411,6.677188296709968
261,824,Peru,Lima,44.308322863674746,0.5639404362243322,0.0,0.0,0.25,0.0,368,349167,14009,0,335158.0,3285.195465023287,4.012120274825513
262,825,Peru,Loreto,37.770408163265316,0.5408163265306123,0.0,0.0,0.25,0.0,369,17506,940,0,16566.0,1703.5811599844296,5.369587569976008
263,855,Peru,Pasco,39.45454545454545,0.5393939393939394,0.0,0.0,0.25,0.0,372,4657,100,0,4557.0,1712.7620448694372,2.1473051320592647
264,857,Peru,Piura,44.11311053984576,0.5692251193536539,0.0,0.0,0.25,0.0,373,33299,1911,0,31388.0,1625.927734375,5.738911078410762
265,859,Peru,Puno,41.275510204081634,0.3979591836734694,0.0,0.0,0.25,0.0,374,11588,278,0,11310.0,936.0258481421648,2.399033482913359
266,875,Peru,San Martin,40.36,0.5525,0.0,0.0,0.25,0.0,375,16297,686,0,15611.0,1811.5829257447754,4.20936368656808
267,887,Peru,Tacna,42.575250836120404,0.4849498327759197,0.0,0.0,0.25,0.0,376,11012,194,0,10818.0,2968.194070080863,1.7617144932800581
268,891,Peru,Tumbes,42.750830564784046,0.5033222591362126,0.0,0.0,0.25,0.0,377,6735,293,0,6442.0,2677.9324055666,4.350408314773572
269,1049,Spain,Andalusia,41.16666666666666,0.6666666666666666,0.0,0.0,0.25,0.0,473,47612,1662,10671,35279.0,564.9663211866524,3.490716626060657
270,1050,Spain,Aragon,49.92307692307693,0.4615384615384616,0.0,0.0,0.25,0.0,474,32266,1302,3772,27192.0,2443.3092581626643,4.035207338994606
271,1051,Spain,Asturias,45.0625,0.625,0.0,0.0,0.25,0.0,475,4340,341,1063,2936.0,424.57237051276405,7.857142857142858
272,1052,Spain,Baleares,41.84,0.56,0.01,0.0,0.24,0.0,476,12059,270,1533,10256.0,1014.8793994378143,2.238991624512812
273,1054,Spain,C. Valenciana,47.53333333333333,0.5666666666666667,0.0,0.0,0.25,0.0,477,34370,1541,9970,22859.0,690.8585762041936,4.48356124527204
274,1055,Spain,Canarias,47.153846153846146,0.4615384615384616,0.0,0.0,0.25,0.0,478,11479,209,1537,9733.0,520.1411390905165,1.820716090251764
275,1057,Spain,Cantabria,45.75,0.5357142857142857,0.0,0.0,0.25,0.0,479,6058,231,2287,3540.0,1041.5359302387556,3.8131396500495214
276,1059,Spain,Castilla y Leon,41.93103448275862,0.6206896551724138,0.0,0.0,0.25,0.0,481,38872,2931,8716,27225.0,1614.46472677826,7.540131714344517
277,1061,Spain,Catalonia,36.5,0.5,0.0,0.0,0.25,0.0,482,128901,5797,26203,96901.0,1703.5905038980732,4.497249827386909
278,1063,Spain,Ceuta,41.615384615384606,0.6923076923076923,0.0,0.0,0.25,0.0,483,441,9,163,269.0,519.8693842907496,2.0408163265306123
279,1064,Spain,Extremadura,47.22222222222222,0.5277777777777778,0.0,0.0,0.25,0.0,484,8166,544,2652,4970.0,766.4554205649582,6.6617683076169465
280,1065,Spain,Galicia,38.65625,0.625,0.0,0.0,0.25,0.0,485,18593,702,9204,8687.0,688.5171718248982,3.7756144785672032
281,1066,Spain,La Rioja,47.714285714285715,0.5428571428571428,0.0,0.0,0.25,0.0,486,7333,393,3107,3833.0,2338.545337419596,5.359334515205236
282,1067,Spain,Madrid,54.09090909090909,0.4090909090909091,0.0,0.0,0.25,0.0,487,187045,8999,40736,137310.0,2816.2433757038348,4.811141703868053
283,1068,Spain,Melilla,49.27272727272727,0.5,0.0,0.0,0.25,0.0,488,664,4,125,535.0,784.0451534437766,0.6024096385542169
284,1069,Spain,Murcia,39.4,0.6571428571428571,0.0,0.0,0.25,0.0,489,13371,193,2180,10998.0,898.7922667969832,1.4434223319123476
285,1070,Spain,Navarra,48.161290322580655,0.4516129032258064,0.0,0.0,0.25,0.0,490,14205,553,3905,9747.0,2185.5661854984874,3.8929954241464273
286,1072,Spain,Pais Vasco,36.694444444444436,0.6666666666666666,0.0,0.0,0.25,0.0,491,39430,1749,16160,21521.0,1810.4762429518607,4.435708851128583
287,1076,Sweden,Blekinge,47.25,0.5,0.0,0.0,0.25,0.0,493,624,17,0,607.0,390.96274576143753,2.7243589743589745
288,1077,Sweden,Dalarna,44.4102564102564,0.5384615384615384,0.0,0.0,0.25,0.0,494,2365,174,0,2191.0,821.2775119284915,7.357293868921776
289,1078,Sweden,Gavleborg,49.16216216216216,0.35135135135135137,0.0,0.0,0.25,0.0,495,3285,167,0,3118.0,1143.0778545629162,5.083713850837139
290,1079,Sweden,Gotland,43.41666666666666,0.5833333333333334,0.0,0.0,0.25,0.0,496,324,6,0,318.0,542.8408672050397,1.8518518518518519
291,1080,Sweden,Halland,43.43589743589744,0.5897435897435898,0.0,0.0,0.25,0.0,497,2356,83,0,2273.0,705.710383168388,3.5229202037351444
292,1082,Sweden,Jamtland Harjedalen,43.63636363636363,0.5454545454545454,0.0,0.0,0.25,0.0,498,1222,64,0,1158.0,934.1793440868436,5.237315875613748
293,1083,Sweden,Jonkoping,43.93181818181818,0.5909090909090909,0.0,0.0,0.25,0.0,499,5224,181,0,5043.0,1436.747625818553,3.464777947932619
294,1084,Sweden,Kalmar,41.03846153846154,0.6153846153846154,0.0,0.0,0.25,0.0,500,911,64,0,847.0,371.16107005206845,7.025246981339188
295,1085,Sweden,Kronoberg,42.47826086956522,0.5869565217391305,0.0,0.0,0.25,0.0,501,1548,116,0,1432.0,768.3564220798238,7.493540051679586
296,1086,Sweden,Norrbotten,39.162162162162154,0.6486486486486487,0.0,0.0,0.25,0.0,502,1685,88,0,1597.0,673.7493652361321,5.222551928783383
297,1087,Sweden,Orebro,45.131578947368425,0.5263157894736842,0.0,0.0,0.25,0.0,503,2860,172,0,2688.0,938.3048178343532,6.013986013986014
298,1088,Sweden,Ostergotland,42.8918918918919,0.5405405405405406,0.0,0.0,0.25,0.0,504,3954,277,0,3677.0,849.4183610994747,7.005563985837128
299,1089,Sweden,Skane,49.0,0.42857142857142855,0.0,0.0,0.25,0.0,505,5366,276,0,5090.0,389.4538283833892,5.143496086470369
300,1091,Sweden,Sormland,45.516129032258064,0.5483870967741935,0.0,0.0,0.25,0.0,506,2460,254,0,2206.0,826.7795926598102,10.32520325203252
301,1092,Sweden,Stockholm,51.514285714285705,0.37142857142857133,0.0,0.0,0.25,0.0,507,23739,2400,0,21339.0,998.6618041202637,10.109945659042085
302,1093,Sweden,Uppsala,45.17948717948718,0.38461538461538464,0.0,0.0,0.25,0.0,508,3919,243,0,3676.0,1021.3362591311735,6.20056136769584
303,1094,Sweden,Varmland,43.67647058823529,0.6176470588235294,0.0,0.0,0.25,0.0,509,1241,73,0,1168.0,439.42580750246094,5.882352941176473
304,1095,Sweden,Vasterbotten,44.59375,0.59375,0.0,0.0,0.25,0.0,510,905,31,0,874.0,333.04383666499837,3.425414364640884
305,1096,Sweden,Vasternorrland,41.857142857142854,0.6285714285714286,0.0,0.0,0.25,0.0,511,1881,136,0,1745.0,766.6692480446063,7.230196703880915
306,1097,Sweden,Vastmanland,46.4102564102564,0.4871794871794872,0.0,0.0,0.25,0.0,512,2854,183,0,2671.0,1034.6390182892567,6.412053258584442
307,1098,Sweden,Vastra Gotaland,41.2,0.5333333333333333,0.0,0.0,0.25,0.0,513,19514,860,0,18654.0,1130.6689163389594,4.407092343958183
308,1125,United Kingdom,England,44.932483637616265,0.5527040992077161,0.0,0.0,0.25,0.0,609,336622,37076,0,299546.0,601.3555519032749,11.014134548544064
309,1126,United Kingdom,Northern Ireland,44.03260869565217,0.5652173913043478,0.0,0.0,0.25,0.0,614,9165,575,0,8590.0,487.0854591836735,6.273867975995637
310,1127,United Kingdom,Scotland,44.85885167464115,0.5598086124401914,0.0,0.0,0.25,0.0,615,24126,2505,0,21621.0,441.6012300258087,10.38298930614275
311,1128,United Kingdom,Wales,45.49927431059506,0.5616835994194485,0.0,0.0,0.25,0.0,617,20445,1603,0,18842.0,651.4050850697762,7.840547811200782
