,Country_Region,Province_State,Confirmed,Deaths,Recovered,Active,Incidence_Rate,Case-Fatality_Ratio
0,Afghanistan,Мурманская область,38919,1437,32576,4906.0,99.9760046286072,3.692283974408386
1,Algeria,Ituri,49623,1665,34923,13035.0,113.16264472888365,3.3552989541140197
2,Andorra,Jubbada Dhexe جوبا الوسطى,1564,53,1164,347.0,2024.202420242024,3.3887468030690537
3,Angola,العصابة,3901,147,1445,2309.0,11.869312329589718,3.7682645475519103
4,Armenia,Адыгея,47154,928,42551,3675.0,1591.3019356554364,1.9680196801968013
5,Australia,Australian Capital Territory,113,3,110,0.0,26.395701938799345,2.6548672566371683
6,Australia,New South Wales,4200,53,2994,1153.0,51.736881005173686,1.261904761904762
7,Australia,Northern Territory,33,0,31,2.0,13.436482084690551,0.0
8,Australia,Queensland,1152,6,1123,23.0,22.51979278662888,0.5208333333333334
9,Australia,South Australia,466,4,462,0.0,26.530031312268715,0.8583690987124464
10,Australia,Tasmania,230,13,217,0.0,42.95051353874883,5.652173913043479
11,Australia,Victoria,20042,761,18379,902.0,302.2971688864085,3.7970262448857413
12,Australia,Western Australia,662,9,650,3.0,25.165361514483386,1.3595166163141994
13,Austria,محافظة شبوة,37474,765,28961,7748.0,416.08189731746313,2.0414153813310563
14,Azerbaijan,Ростовская область,39042,574,36601,1867.0,385.06091471939277,1.4702115670303777
15,Bahrain,Рівненська область,64499,221,57299,6979.0,3790.529171953409,0.3426409711778477
16,Belarus,استان فارس,75461,776,73212,1473.0,798.5864804465845,1.0283457680126158
17,Brazil,Acre,27061,648,24298,2115.0,3068.366716367985,2.3945900003695355
18,Brazil,Alagoas,83950,2014,80658,1278.0,2515.463583907865,2.3990470518165576
19,Brazil,Amapa,46738,691,35026,11021.0,5526.343482738601,1.4784543626171425
20,Brazil,Amazonas,131573,3956,109874,17743.0,3174.566791415426,3.0066959026548
21,Brazil,Bahia,294210,6221,280351,7638.0,1978.1398103309448,2.1144760545188808
22,Brazil,Ceara,233600,8801,206727,18072.0,2558.0158207146287,3.7675513698630136
23,Brazil,Distrito Federal,183096,3048,170627,9421.0,6072.296061245634,1.6647004849914802
24,Brazil,Espirito Santo,123720,3408,113545,6767.0,3078.645813892725,2.7546071774975758
25,Brazil,Goias,182856,4135,172741,5980.0,2605.3972199179466,2.2613422583891154
26,Brazil,Maranhao,167333,3643,157810,5880.0,2365.070236365685,2.177095970310698
27,Brazil,Mato Grosso,112242,3214,92468,16560.0,3221.2109402129336,2.8634557474029334
28,Brazil,Mato Grosso do Sul,63466,1162,56313,5991.0,2283.782645900339,1.830901585100684
29,Brazil,Minas Gerais,268009,6656,233463,27890.0,1266.0571876778415,2.4834986884768795
30,Brazil,Para,220205,6451,204728,9026.0,2559.670528364679,2.9295429259099475
31,Brazil,Paraiba,116588,2695,89305,24588.0,2901.550896723772,2.3115586509760866
32,Brazil,Parana,163479,4093,114358,45028.0,1429.7674899424585,2.503685488656035
33,Brazil,Pernambuco,141042,8004,122512,10526.0,1475.786880729462,5.674905347343342
34,Brazil,Piaui,90061,2025,87492,544.0,2751.443758712732,2.248476032911027
35,Brazil,Rio Grande do Norte,66963,2348,39924,24691.0,1909.489790418931,3.506413989815272
36,Brazil,Rio Grande do Sul,174140,4371,159153,10616.0,1530.5998230326354,2.510049385551855
37,Brazil,Rio de Janeiro,251261,17634,228258,5369.0,1455.324816305504,7.018200198200277
38,Brazil,Rondonia,62697,1297,52932,8468.0,3527.8031763001313,2.068679522146195
39,Brazil,Roraima,48088,613,15164,32311.0,7938.444369974297,1.2747462984528364
40,Brazil,Santa Catarina,205250,2635,194520,8095.0,2864.7044406617474,1.2838002436053593
41,Brazil,Sao Paulo,931673,33927,780448,117298.0,2028.946636068181,3.641513707062456
42,Brazil,Sergipe,75772,1976,68932,4864.0,3296.303643456987,2.6078234704112337
43,Brazil,Tocantins,63167,866,45266,17035.0,4016.0445962974595,1.3709690186331471
44,Bulgaria,منطقة القصيم,18819,755,13558,4506.0,270.8375758892817,4.0119028641266805
45,Burkina Faso,Ogooué-Lolo,1816,56,1176,584.0,8.687632628719763,3.0837004405286343
46,Burundi,Béni Abbès ⴰⵢⵜ ⴰⴱⴱⴰⵙ بني عباس,473,1,374,98.0,3.9778715964914335,0.211416490486258
47,Cabo Verde,Khomas Region,5186,50,4581,555.0,932.7539443297336,0.9641342074816814
48,Cameroon,Kebbi,20431,416,19124,891.0,76.9649087330516,2.0361215799520336
49,Canada,Alberta,16381,255,14702,1424.0,371.18645066354026,1.5566815212746474
50,Canada,British Columbia,7842,223,5797,1822.0,153.43626202499468,2.8436623310380007
51,Canada,Grand Princess,13,0,13,0.0,0.03657807185672178,0.0
52,Canada,Manitoba,1558,16,1211,331.0,113.10205246105856,1.0269576379974326
53,Canada,New Brunswick,194,2,192,0.0,24.872018082213557,1.0309278350515465
54,Canada,Newfoundland and Labrador,272,3,267,2.0,52.17074410441821,1.1029411764705883
55,Canada,Northwest Territories,5,0,5,0.0,11.134865490824867,0.0
56,Canada,Nova Scotia,1086,65,1021,0.0,111.10463171269942,5.985267034990794
57,Canada,Ontario,48317,2876,42573,2868.0,328.4228396649852,5.952356313512842
58,Canada,Prince Edward Island,57,0,56,1.0,36.039909457630976,0.0
59,Canada,Quebec,67080,5797,58490,2793.0,785.6940895143103,8.641920095408468
60,Canada,Saskatchewan,1787,24,1642,121.0,151.22716571349258,1.3430330162283155
61,Canada,Yukon,15,0,15,0.0,36.515896586980865,0.0
62,Central African Republic,In Guezzam ⵄⵉⵏ ⴳⴻⵣⵣⴰⵎ عين قزام,4786,62,1830,2894.0,99.09386876874315,1.2954450480568325
63,Chile,Antofagasta,19391,489,18423,479.0,3191.755523147676,2.521788458563251
64,Chile,Araucania,6358,103,5770,485.0,664.2123473711482,1.620006291286568
65,Chile,Arica y Parinacota,7561,138,7030,393.0,3344.568890776226,1.825155402724508
66,Chile,Atacama,6552,56,6083,413.0,2267.5674179079683,0.8547008547008547
67,Chile,Aysen,223,1,155,67.0,216.1732488028073,0.4484304932735426
68,Chile,Biobio,21564,286,19404,1874.0,1385.144574946766,1.3262845483212762
69,Chile,Coquimbo,11497,192,10756,549.0,1517.5834822713198,1.6700008697921196
70,Chile,Los Lagos,8086,85,7312,689.0,975.7357235600476,1.0511996042542666
71,Chile,Los Rios,1500,15,1254,231.0,389.77541140794676,1.0
72,Chile,Magallanes,6273,64,4924,1285.0,3766.8209904343294,1.0202454965726129
73,Chile,Maule,14317,297,12693,1327.0,1370.1134025551462,2.074456939302926
74,Chile,Metropolitana,282535,8998,269784,3753.0,3972.2005711387123,3.184738174031536
75,Chile,Nuble,5881,105,5223,553.0,1223.6558200116935,1.7854106444482232
76,Chile,OHiggins,15386,383,14218,785.0,1682.3482458682092,2.4892759651631358
77,Chile,Tarapaca,11401,218,10898,285.0,3449.016511474537,1.912112972546268
78,Chile,Valparaiso,26095,823,24120,1152.0,1437.026888014882,3.1538608928913585
79,China,Anhui,991,6,985,0.0,1.5670461733080334,0.6054490413723511
80,China,Beijing,935,9,926,0.0,4.340761374187558,0.9625668449197858
81,China,Chongqing,584,6,577,1.0,1.8826563507414569,1.0273972602739727
82,China,Fujian,395,1,380,14.0,1.002283684344075,0.2531645569620253
83,China,Gansu,170,2,168,0.0,0.6446719757299962,1.1764705882352942
84,China,Guangdong,1797,8,1767,22.0,1.5838180856689583,0.44518642181413465
85,China,Guangxi,258,2,253,3.0,0.5237515225334958,0.7751937984496124
86,China,Guizhou,147,2,145,0.0,0.4083333333333333,1.3605442176870748
87,China,Hainan,171,6,165,0.0,1.8308351177730195,3.5087719298245608
88,China,Hebei,365,6,356,3.0,0.4830598200105876,1.643835616438356
89,China,Heilongjiang,948,13,935,0.0,2.5125894513649616,1.3713080168776368
90,China,Henan,1279,22,1254,3.0,1.331598125976054,1.7200938232994527
91,China,Hong Kong,5009,103,4708,198.0,66.81349896785214,2.056298662407666
92,China,Hubei,68139,4512,63627,0.0,115.1580192665202,6.6217584643155885
93,China,Hunan,1019,4,1015,0.0,1.4770256558921582,0.3925417075564279
94,China,Inner Mongolia,261,1,259,1.0,1.0299921073401737,0.3831417624521073
95,China,Jiangsu,665,0,664,1.0,0.8259843497702148,0.0
96,China,Jiangxi,935,1,934,0.0,2.011617900172117,0.106951871657754
97,China,Jilin,157,2,155,0.0,0.5806213017751479,1.2738853503184713
98,China,Liaoning,265,2,262,1.0,0.6079376003670567,0.7547169811320755
99,China,Macau,46,0,46,0.0,7.084094360136879,0.0
100,China,Ningxia,75,0,75,0.0,1.0901162790697674,0.0
101,China,Qinghai,18,0,18,0.0,0.29850746268656714,0.0
102,China,Shaanxi,399,3,372,24.0,1.0326086956521738,0.7518796992481203
103,China,Shandong,831,7,815,9.0,0.8271125709166915,0.8423586040914561
104,China,Shanghai,972,7,916,49.0,4.00990099009901,0.7201646090534979
105,China,Shanxi,203,0,203,0.0,0.5459924690693921,0.0
106,China,Sichuan,672,3,652,17.0,0.8056587939096032,0.44642857142857145
107,China,Tianjin,237,3,226,8.0,1.5192307692307692,1.2658227848101269
108,China,Tibet,1,0,1,0.0,0.02906976744186046,0.0
109,China,Xinjiang,902,3,899,0.0,3.626859670285485,0.3325942350332594
110,China,Yunnan,206,2,196,8.0,0.42650103519668736,0.9708737864077672
111,China,Zhejiang,1282,1,1272,9.0,2.2346173958514903,0.078003120124805
112,Colombia,Amazonas,2732,115,2597,20.0,3567.091880034992,4.209370424597363
113,Colombia,Antioquia,102501,2187,85968,14346.0,1599.8028437817914,2.133637720607604
114,Colombia,Arauca,1449,34,1122,293.0,552.6863838519456,2.3464458247066937
115,Colombia,Atlantico,66512,3016,61671,1825.0,2623.212544029482,4.5345200866009145
116,Colombia,Bolivar,27972,754,25630,1588.0,1351.2325431981876,2.695552695552696
117,Colombia,Boyaca,5995,117,4266,1612.0,492.4526194043582,1.9516263552960802
118,Colombia,Caldas,4653,106,3183,1364.0,466.1133678268579,2.2781001504405762
119,Colombia,Capital District,250490,6408,205741,38341.0,3379.261648395441,2.5581859555271667
120,Colombia,Caqueta,7759,274,6504,981.0,1932.556060066403,3.5313829101688365
121,Colombia,Casanare,1771,41,1203,527.0,421.1612731389,2.3150762281197066
122,Colombia,Cauca,8192,224,6257,1711.0,559.3763827358093,2.734375
123,Colombia,Cesar,17236,494,12740,4002.0,1435.6466157021555,2.866094221397076
124,Colombia,Choco,3930,154,3636,140.0,734.8184269276362,3.918575063613232
125,Colombia,Cordoba,22745,1480,19406,1859.0,1274.384617065492,6.506924598812926
126,Colombia,Cundinamarca,30582,898,25087,4597.0,1047.666029475242,2.9363677980511413
127,Colombia,Guainia,547,10,234,303.0,1136.8832356486678,1.828153564899452
128,Colombia,Guaviare,628,11,417,200.0,758.7565092367731,1.7515923566878984
129,Colombia,Huila,9380,282,6258,2840.0,852.4281479408135,3.0063965884861408
130,Colombia,La Guajira,7207,275,5698,1234.0,818.4564368129373,3.815734702372693
131,Colombia,Magdalena,14454,789,12119,1546.0,1077.2530717438324,5.4586965545869655
132,Colombia,Meta,14066,366,11374,2326.0,1352.8616303204124,2.602019053035689
133,Colombia,Narino,17412,638,14545,2229.0,1067.8330324201272,3.6641396737881915
134,Colombia,Norte de Santander,14427,831,11890,1706.0,967.1587039925882,5.7600332709503
135,Colombia,Putumayo,3619,160,3065,394.0,1039.3989350397203,4.421110804089527
136,Colombia,Quindio,2531,76,1571,884.0,468.7870436225699,3.0027657052548395
137,Colombia,Risaralda,9468,195,6938,2335.0,1003.602921769216,2.0595690747782003
138,Colombia,San Andres y Providencia,841,9,337,495.0,1372.3890339425589,1.070154577883472
139,Colombia,Santander,27012,1158,20338,5516.0,1236.3393699392675,4.286983562860952
140,Colombia,Sucre,13512,559,11964,989.0,1493.264726262429,4.137063351095323
141,Colombia,Tolima,10862,277,8129,2456.0,816.5769173807892,2.5501749217455347
142,Colombia,Valle del Cauca,56837,2092,47119,7626.0,1269.8491427172185,3.680700951844748
143,Colombia,Vaupes,679,5,457,217.0,1664.3380640733387,0.7363770250368189
144,Colombia,Vichada,397,4,221,172.0,368.24725437815374,1.0075566750629723
145,Congo (Brazzaville),Gao,4986,89,3887,1010.0,90.35731916031843,1.784997994384276
146,Congo (Kinshasa),Tombouctou,10488,268,9891,329.0,11.710401502861655,2.555301296720061
147,Croatia,محافظة مأرب,14725,244,12353,2128.0,358.6854743709788,1.6570458404074704
148,Czechia,محافظة حضرموت,48306,499,24228,23579.0,451.07929026307073,1.0329979712665094
149,Denmark,Faroe Islands,431,0,412,19.0,882.0218970633377,0.0
150,Denmark,Greenland,14,0,14,0.0,24.660043683505954,0.0
151,Djibouti,Lazio,5403,61,5333,9.0,546.8612411715766,1.1290024060707016
152,Egypt,مطروح,101900,5750,88666,7484.0,99.57550639153091,5.642787046123651
153,Equatorial Guinea,Atakora,5002,83,4509,410.0,356.5255508790187,1.6593362654938024
154,Ethiopia,Sardegna,68131,1089,27939,39103.0,59.26311465083687,1.5983913343411955
155,Finland,بلوچستان,8922,339,7700,883.0,161.0260619652543,3.799596503026226
156,France,French Guiana,9692,65,9341,286.0,3244.922693700993,0.6706562113082954
157,France,French Polynesia,1271,2,1028,241.0,452.4677469882949,0.15735641227380015
158,France,Guadeloupe,3426,26,837,2563.0,856.2281475631488,0.7589025102159953
159,France,Martinique,1122,18,98,1006.0,298.98871464165325,1.60427807486631
160,France,Mayotte,3541,40,2964,537.0,1297.9586749898285,1.1296243998870377
161,France,New Caledonia,26,0,26,0.0,9.107117212101258,0.0
162,France,Reunion,3194,15,2482,697.0,356.74873898144546,0.469630557294928
163,France,Saint Barthelemy,23,0,16,7.0,232.6757713707637,0.0
164,France,Saint Pierre and Miquelon,11,0,5,6.0,189.8188093183779,0.0
165,France,St Martin,330,6,206,118.0,853.6175276132336,1.818181818181818
166,Gambia,Huíla,3504,108,1992,1404.0,144.9932634408424,3.0821917808219177
167,Georgia,Карачаево-Черкесия,3306,19,1481,1806.0,82.87427851623455,0.5747126436781609
168,Germany,Baden-Wurttemberg,46779,1871,41228,3680.0,422.5923532636833,3.9996579661814073
169,Germany,Bayern,64465,2648,56398,5419.0,492.9752649765945,4.1076553168385965
170,Germany,Berlin,13064,227,11667,1170.0,358.42588919196686,1.7375995101041029
171,Germany,Brandenburg,4117,173,3792,152.0,163.8987275455359,4.202088899684236
172,Germany,Bremen,2192,59,2015,118.0,320.94362109911475,2.6916058394160585
173,Germany,Hamburg,7149,269,6129,751.0,388.28381162287866,3.7627640229402712
174,Germany,Hessen,17516,543,15649,1324.0,279.54889783585804,3.100022836263987
175,Germany,Mecklenburg-Vorpommern,1105,20,1014,71.0,68.64739776662991,1.8099547511312213
176,Germany,Niedersachsen,18775,669,16482,1624.0,235.2035365592109,3.5632490013315583
177,Germany,Nordrhein-Westfalen,64692,1844,58524,4324.0,360.7497854054038,2.8504297285599463
178,Germany,Rheinland-Pfalz,10075,247,9057,771.0,246.6434458696587,2.4516129032258065
179,Germany,Saarland,3275,176,3003,96.0,330.63808607493723,5.374045801526719
180,Germany,Sachsen,6658,226,5826,606.0,163.26882931246854,3.3944127365575247
181,Germany,Sachsen-Anhalt,2423,66,2213,144.0,109.72136750046757,2.723895996698308
182,Germany,Schleswig-Holstein,4384,161,3981,242.0,151.34400658401663,3.672445255474453
183,Germany,Thuringen,3919,189,3532,198.0,182.86210219093903,4.82265884154121
184,Greece,منطقة مكة المكرمة,14978,331,1347,13300.0,143.70065746552643,2.2099078648684736
185,Holy See,አፋር ክልል / Afar,12,0,12,0.0,1483.3127317676144,0.0
186,India,Andaman and Nicobar Islands,3631,52,3414,165.0,870.6682396723544,1.4321123657394657
187,India,Andhra Pradesh,609558,5244,519891,84423.0,1130.8341944263138,0.8602954927997007
188,India,Arunachal Pradesh,7005,13,5106,1886.0,446.0482228751103,0.18558172733761602
189,India,Assam,152858,540,123687,28631.0,429.2915229485945,0.3532690470894556
190,India,Bihar,165218,859,151750,12609.0,132.3862964470027,0.519919137140021
191,India,Chandigarh,9506,113,6415,2978.0,820.5629306854802,1.1887229118451503
192,India,Chhattisgarh,81617,645,44392,36580.0,277.2671542087029,0.790276535525687
193,India,Dadra and Nagar Haveli and Daman and Diu,2859,2,2639,218.0,464.33142122119654,0.06995452955578874
194,India,Delhi,238828,4907,201671,32250.0,1276.4095751134014,2.0546167116083542
195,India,Goa,27379,335,21314,5730.0,1726.02048857368,1.2235655064100224
196,India,Gujarat,120336,3286,100974,16076.0,188.4006266932294,2.7306874085892834
197,India,Haryana,106261,1092,83878,21291.0,376.749372054834,1.0276583130217107
198,India,Himachal Pradesh,11622,111,7081,4430.0,155.95907382693534,0.9550851832731028
199,India,Jammu and Kashmir,61041,966,39305,20770.0,448.6224048824369,1.5825428810144002
200,India,Jharkhand,68578,602,54052,13924.0,177.69107218572196,0.8778325410481496
201,India,Karnataka,502982,7808,394026,101148.0,744.4671456667662,1.5523418333061618
202,India,Kerala,126381,501,90085,35795.0,354.0139267719107,0.3964203479953474
203,India,Ladakh,3635,48,2600,987.0,1325.2445413414318,1.3204951856946354
204,India,Lakshadweep,0,0,0,0.0,0.0,0.0
205,India,Madhya Pradesh,100458,1901,76952,21605.0,117.68886841587171,1.89233311433634
206,India,Maharashtra,1167496,31791,834432,301273.0,948.0720829266996,2.7230071880331925
207,India,Manipur,8607,52,6629,1926.0,278.40448707685,0.6041594051353549
208,India,Meghalaya,4445,32,2437,1976.0,132.02800359995368,0.7199100112485939
209,India,Mizoram,1548,0,973,575.0,124.91486745144621,0.0
210,India,Nagaland,5357,15,4129,1213.0,238.1211675360437,0.2800074668657831
211,India,Odisha,171341,682,137567,33092.0,369.61723504710267,0.3980366637290549
212,India,Puducherry,21913,462,16715,4736.0,1550.219236499517,2.1083375165426914
213,India,Punjab,92833,2708,68463,21662.0,307.99194184020746,2.9170661295013627
214,India,Rajasthan,111290,1308,92265,17717.0,137.33963585979478,1.1753077545152304
215,India,Sikkim,2303,24,1857,422.0,333.646745893885,1.0421189752496742
216,India,Tamil Nadu,530908,8685,475717,46506.0,682.0392581739452,1.6358766490616077
217,India,Telangana,169169,1025,137508,30636.0,429.7694580752169,0.6059029727668781
218,India,Tripura,21484,235,14142,7107.0,515.2292895044695,1.093837274250605
219,India,Uttar Pradesh,342788,4869,270094,67825.0,144.09957679776872,1.4204114496423446
220,India,Uttarakhand,38007,464,26250,11293.0,337.81423603426515,1.2208277422580052
221,India,West Bengal,218772,4242,190021,24509.0,219.63008816556012,1.9390049914979977
222,Iran,Могилёвская область,419043,24118,357632,37293.0,498.90256864763404,5.755495259436383
223,Italy,Abruzzo,4137,474,2984,679.0,315.4210951676604,11.457577955039884
224,Italy,Basilicata,631,28,438,165.0,112.10423739804466,4.437400950871632
225,Italy,Calabria,1810,98,1267,445.0,92.95727919693128,5.414364640883979
226,Italy,Campania,10089,456,5060,4573.0,173.8975457504466,4.519774011299433
227,Italy,Emilia-Romagna,34225,4474,25313,4438.0,767.4666782674292,13.072315558802044
228,Italy,Friuli Venezia Giulia,4345,350,3314,681.0,357.54842744523626,8.055235903337168
229,Italy,Lazio,14179,890,7751,5538.0,241.17710894319896,6.276888356019465
230,Italy,Liguria,12407,1588,9386,1433.0,800.1212402620853,12.799226243249779
231,Italy,Marche,7703,989,6093,621.0,505.02500867059035,12.839153576528625
232,Italy,Molise,586,23,459,104.0,191.7432603552813,3.9249146757679183
233,Italy,P.A. Bolzano,3281,292,2584,405.0,616.3608970577737,8.899725693386163
234,Italy,P.A. Trento,5689,405,4750,534.0,1050.7593024243745,7.119001582000352
235,Italy,Piemonte,34241,4154,27783,2304.0,785.9919392269683,12.131655033439445
236,Italy,Puglia,6944,578,4278,2088.0,172.34819199449598,8.323732718894009
237,Italy,Sardegna,3167,141,1431,1595.0,193.1579278002868,4.452162930217872
238,Italy,Sicilia,5846,296,3318,2232.0,116.92254891156628,5.063291139240507
239,Italy,Toscana,13665,1152,9686,2827.0,366.38915112741415,8.430296377607025
240,Italy,Umbria,2192,83,1638,471.0,248.52185053542166,3.7864963503649633
241,Italy,Valle d'Aosta,1276,146,1082,48.0,1015.3900020689764,11.442006269592474
242,Italy,Veneto,25609,2158,20406,3045.0,522.0090120904537,8.426724979499395
243,Japan,Aichi,5077,79,4554,444.0,67.22509708710224,1.5560370297419737
244,Japan,Akita,52,0,51,1.0,5.3802936398721135,0.0
245,Japan,Aomori,35,1,32,2.0,2.808152628711676,2.8571428571428568
246,Japan,Chiba,3603,68,3174,361.0,57.56159314130373,1.887316125451013
247,Japan,Ehime,114,6,108,0.0,8.512449457331346,5.2631578947368425
248,Japan,Fukui,244,9,215,20.0,31.773439748312693,3.6885245901639343
249,Japan,Fukuoka,5000,89,4629,282.0,97.96854386806066,1.78
250,Japan,Fukushima,218,2,180,36.0,11.812395320774266,0.9174311926605504
251,Japan,Gifu,597,10,552,35.0,30.05154065741898,1.6750418760469012
252,Japan,Gunma,644,19,480,145.0,33.15390412961735,2.950310559006211
253,Japan,Hiroshima,472,3,461,8.0,16.832033070665652,0.6355932203389829
254,Japan,Hokkaido,1933,106,1742,85.0,36.81870397781049,5.483704086911536
255,Japan,Hyogo,2582,56,2349,177.0,47.23582605068613,2.1688613477924092
256,Japan,Ibaraki,623,16,568,39.0,21.780878765810805,2.5682182985553768
257,Japan,Ishikawa,750,44,636,70.0,65.92543042713525,5.866666666666666
258,Japan,Iwate,23,0,23,0.0,1.874771766915332,0.0
259,Japan,Kagawa,94,2,82,10.0,9.829068319344339,2.127659574468085
260,Japan,Kagoshima,377,12,354,11.0,23.52907400923563,3.1830238726790454
261,Japan,Kanagawa,6327,136,5484,707.0,68.78468859572259,2.149517938991623
262,Japan,Kochi,137,4,129,4.0,19.626691727707588,2.9197080291970803
263,Japan,Kumamoto,570,8,537,25.0,32.61677520804639,1.4035087719298245
264,Japan,Kyoto,1672,25,1554,93.0,64.7320106374206,1.4952153110047848
265,Japan,Mie,469,5,388,76.0,26.33526533481725,1.0660980810234542
266,Japan,Miyagi,365,2,263,100.0,15.825769121539741,0.547945205479452
267,Japan,Miyazaki,365,1,340,24.0,34.00723562169419,0.273972602739726
268,Japan,Nagano,300,1,296,3.0,14.642789158478909,0.3333333333333333
269,Japan,Nagasaki,236,3,227,6.0,17.79085791135328,1.2711864406779658
270,Japan,Nara,552,9,527,16.0,41.49992143583714,1.6304347826086956
271,Japan,Niigata,162,0,144,18.0,7.287101919566588,0.0
272,Japan,Oita,158,2,151,5.0,13.915383897258673,1.2658227848101269
273,Japan,Okayama,148,1,146,1.0,7.832403500025933,0.6756756756756757
274,Japan,Okinawa,2343,45,2139,159.0,161.23393853979718,1.9206145966709347
275,Japan,Osaka,10001,192,9014,795.0,113.52693719171295,1.91980801919808
276,Japan,Port Quarantine,887,1,514,372.0,0.6979855209316966,0.11273957158962795
277,Japan,Saga,243,0,243,0.0,29.82652744347382,0.0
278,Japan,Saitama,4424,100,4011,313.0,60.192990373883646,2.2603978300180843
279,Japan,Shiga,477,7,448,22.0,33.73544760998145,1.4675052410901468
280,Japan,Shimane,137,0,137,0.0,20.315980223802022,0.0
281,Japan,Shizuoka,519,2,494,23.0,14.244435612955355,0.3853564547206166
282,Japan,Tochigi,385,1,313,71.0,19.90703157720567,0.2597402597402597
283,Japan,Tokushima,147,9,107,31.0,20.192945656250128,6.1224489795918355
284,Japan,Tokyo,24056,390,21208,2458.0,172.8078612347702,1.6212171599600929
285,Japan,Tottori,36,0,23,13.0,6.479971488125452,0.0
286,Japan,Toyama,410,25,374,11.0,39.29077280158543,6.097560975609754
287,Japan,Wakayama,236,5,227,4.0,25.515361653222453,2.1186440677966103
288,Japan,Yamagata,78,1,76,1.0,7.237864050642778,1.2820512820512822
289,Japan,Yamaguchi,195,1,171,23.0,14.355800037693177,0.5128205128205128
290,Japan,Yamanashi,181,6,168,7.0,22.3193366841111,3.3149171270718236
291,Kazakhstan,Ненецкий автономный округ,107262,1671,101877,3714.0,571.250326268605,1.557867651171897
292,Kosovo,منطقة مكة المكرمة,12683,488,8788,3407.0,700.5765684949894,3.8476701095955215
293,Kuwait,Одеська область,99049,581,89498,8970.0,2319.342906310011,0.5865783602055549
294,Libya,ولاية شمال دارفور,27234,436,14679,12119.0,396.34496419666357,1.6009400014687525
295,Liechtenstein,سناج Sanaag,113,1,109,3.0,296.3001809266592,0.8849557522123894
296,Lithuania,أبو ظبي,3664,87,2197,1380.0,134.59251784618178,2.3744541484716155
297,Mali,Kwilu,3006,128,2349,529.0,14.843833098429425,4.258150365934797
298,Malta,كسلا,2699,19,2017,663.0,611.2710315510068,0.7039644312708411
299,Mauritania,Lunda Sul,7365,161,6927,277.0,158.39867861305987,2.1860149355057708
300,Mexico,Aguascalientes,6581,555,5783,243.0,458.7229504368706,8.433368788937852
301,Mexico,Baja California Sur,9374,428,8112,834.0,1164.8945953066204,4.565820354171112
302,Mexico,Chihuahua,9464,1276,7553,635.0,248.95521147382595,13.482671174978867
303,Mexico,Ciudad de Mexico,116943,11545,98840,6558.0,1296.680377152,9.872330964657996
304,Mexico,Coahuila,24766,1723,22020,1023.0,769.4362976586966,6.95711863038036
305,Mexico,Colima,4380,518,3567,295.0,557.8530553917517,11.82648401826484
306,Mexico,Durango,8098,559,6859,680.0,433.2807560850853,6.90293899728328
307,Mexico,Guanajuato,38340,2709,33126,2505.0,615.5896390194561,7.065727699530518
308,Mexico,Guerrero,17335,1811,14318,1206.0,474.0162010452145,10.447072396884916
309,Mexico,Jalisco,24400,2974,19623,1803.0,290.1413880387786,12.188524590163937
310,Mexico,Mexico,76784,8936,64292,3556.0,440.58368846537627,11.637841216920192
311,Mexico,Michoacan,18684,1480,15891,1313.0,387.2009808096778,7.921216013701563
312,Mexico,Nayarit,5642,695,4662,285.0,437.84936957296105,12.318326834455867
313,Mexico,Nuevo Leon,35910,2820,30263,2827.0,640.0894948854336,7.85296574770259
314,Mexico,Oaxaca,15374,1356,13292,726.0,371.0306490043787,8.820085859242877
315,Mexico,Puebla,29938,3916,25066,956.0,453.3003575921753,13.080366089919169
316,Mexico,Queretaro,8152,917,6702,533.0,357.60079345966034,11.248773307163882
317,Mexico,San Luis Potosi,21524,1531,19097,896.0,750.974655128741,7.112990150529642
318,Mexico,Sonora,23749,2827,20240,682.0,772.3892550439142,11.90365910143585
319,Mexico,Tabasco,30753,2745,27115,893.0,1195.5508852628031,8.925958443078724
320,Mexico,Tamaulipas,27645,2059,24678,908.0,757.2723622021792,7.448001446916258
321,Mexico,Veracruz,31680,4046,26543,1091.0,370.9661818891218,12.771464646464649
322,Mexico,Yucatan,17222,1506,14630,1086.0,762.3396594570047,8.74462896295436
323,Mexico,Zacatecas,6748,630,5518,600.0,404.9384731155178,9.336099585062241
324,Moldova,المنطقة الشرقية,46336,1201,34236,10899.0,1148.647124428261,2.5919371546961325
325,Monaco,ሶማሌ ክልል / Somali,192,1,152,39.0,489.24676383650996,0.5208333333333334
326,Morocco,Katavi,99816,1795,79008,19013.0,270.4266892957836,1.7983088883545724
327,Netherlands,Aruba,3460,23,2128,1309.0,3240.7320682614313,0.6647398843930635
328,Netherlands,"Bonaire, Sint Eustatius and Saba",36,1,17,18.0,137.294534914763,2.7777777777777777
329,Netherlands,Curacao,247,1,88,158.0,150.51797684338817,0.4048582995951417
330,Netherlands,Drenthe,722,41,0,681.0,146.2479895965419,5.678670360110804
331,Netherlands,Flevoland,1762,97,0,1665.0,416.52778467262857,5.505107832009081
332,Netherlands,Friesland,1011,69,0,942.0,155.54875168665004,6.824925816023739
333,Netherlands,Gelderland,9126,692,0,8434.0,437.4980824103335,7.582730659653738
334,Netherlands,Groningen,1011,19,0,992.0,172.5650575387546,1.8793273986152323
335,Netherlands,Limburg,5990,760,0,5230.0,536.1613532390322,12.68781302170284
336,Netherlands,Noord-Brabant,14278,1552,0,12726.0,557.0913262230512,10.869869729654011
337,Netherlands,Noord-Holland,18087,840,0,17247.0,628.1239939753995,4.644219605241333
338,Netherlands,Overijssel,4041,314,0,3727.0,347.6410135529238,7.7703538728037636
339,Netherlands,Sint Maarten,584,20,488,76.0,1361.876778135348,3.4246575342465766
340,Netherlands,Utrecht,7260,437,0,6823.0,535.8590056051147,6.019283746556474
341,Netherlands,Zeeland,1210,72,0,1138.0,315.5248664886515,5.950413223140496
342,Netherlands,Zuid-Holland,26644,1364,0,25280.0,718.4196278152752,5.119351448731422
343,Niger,Mandoul ماندول,1183,69,1104,10.0,4.887089639386488,5.832628909551986
344,Nigeria,Plateau,57145,1095,48431,7619.0,27.72150698060727,1.9161781433196248
345,North Macedonia,منطقة مكة المكرمة,16557,689,13792,2076.0,794.7181983123578,4.161381892854986
346,Oman,Klaipėdos apskritis,91753,818,84648,6287.0,1796.7454806719586,0.8915239828670453
347,Pakistan,Azad Jammu and Kashmir,2517,67,2257,193.0,62.21933936261885,2.6618990862137464
348,Pakistan,Balochistan,14269,145,12969,1155.0,115.59080030407291,1.0161889410610414
349,Pakistan,Gilgit-Baltistan,3450,81,3036,333.0,340.37632796097813,2.347826086956522
350,Pakistan,Islamabad,16124,180,15529,415.0,803.5595034715924,1.1163483006698092
351,Pakistan,Khyber Pakhtunkhwa,37317,1258,35500,559.0,122.25713863648943,3.3711177211458585
352,Pakistan,Punjab,98368,2226,94773,1369.0,89.41534085753682,2.2629310344827585
353,Pakistan,Sindh,133626,2459,128239,2928.0,279.04994713387407,1.840210737431338
354,Peru,Amazonas,12987,204,0,12783.0,3042.8772258669164,1.5708015708015708
355,Peru,Ancash,21235,1248,0,19987.0,1798.6616974419787,5.8770897103838005
356,Peru,Apurimac,4200,79,0,4121.0,975.156721615974,1.880952380952381
357,Peru,Arequipa,39046,1297,0,37749.0,2607.586483237612,3.321723095835681
358,Peru,Ayacucho,10410,286,0,10124.0,1557.9167913798265,2.7473583093179634
359,Peru,Cajamarca,18433,441,0,17992.0,1268.005778358671,2.392448326371181
360,Peru,Callao,30730,1687,0,29043.0,2719.7097088237892,5.489749430523918
361,Peru,Cusco,19135,387,0,18748.0,1409.9918944808785,2.02247191011236
362,Peru,Huancavelica,5997,102,0,5895.0,1641.6643854366275,1.7008504252126062
363,Peru,Huanuco,14919,366,0,14553.0,1962.251742733132,2.45324753669817
364,Peru,Ica,25278,1546,0,23732.0,2592.0836751435604,6.1159901890972375
365,Peru,Junin,17991,723,0,17268.0,1321.4102093279469,4.018676004669001
366,Peru,La Libertad,26715,2158,0,24557.0,1324.6231654105513,8.077858880778589
367,Peru,Lambayeque,24711,1650,0,23061.0,1885.184620079341,6.677188296709968
368,Peru,Lima,349167,14009,0,335158.0,3285.195465023287,4.012120274825513
369,Peru,Loreto,17506,940,0,16566.0,1703.5811599844296,5.369587569976008
370,Peru,Madre de Dios,7366,136,0,7230.0,4238.204833141542,1.8463209340211784
371,Peru,Moquegua,11703,253,0,11450.0,6073.170731707317,2.161838844740665
372,Peru,Pasco,4657,100,0,4557.0,1712.7620448694372,2.1473051320592647
373,Peru,Piura,33299,1911,0,31388.0,1625.927734375,5.738911078410762
374,Peru,Puno,11588,278,0,11310.0,936.0258481421648,2.399033482913359
375,Peru,San Martin,16297,686,0,15611.0,1811.5829257447754,4.20936368656808
376,Peru,Tacna,11012,194,0,10818.0,2968.194070080863,1.761714493280058
377,Peru,Tumbes,6735,293,0,6442.0,2677.9324055666,4.3504083147735715
378,Peru,Ucayali,15295,309,0,14986.0,2596.3333899168224,2.0202680614579926
379,Poland,المنطقة الشرقية,78330,2282,63861,12187.0,206.9670449965063,2.9133154602323503
380,Qatar,Волинська область,123146,209,120089,2848.0,4274.329587026997,0.16971724619557274
381,Russia,Adygea Republic,3775,31,3253,491.0,832.6422219085263,0.8211920529801324
382,Russia,Altai Krai,12914,164,11648,1102.0,549.5132080610022,1.2699396004336378
383,Russia,Altai Republic,2798,12,2235,551.0,1283.1154299445573,0.4288777698355968
384,Russia,Amur Oblast,3959,50,3514,395.0,495.85182810135973,1.262945188178833
385,Russia,Arkhangelsk Oblast,12290,257,9799,2234.0,1064.0434690760744,2.09113100081367
386,Russia,Astrakhan Oblast,6550,94,6144,312.0,643.725786573944,1.4351145038167938
387,Russia,Bashkortostan Republic,8384,33,8158,193.0,206.33510800230246,0.3936068702290077
388,Russia,Belgorod Oblast,8208,57,7521,630.0,529.5907543571228,0.6944444444444444
389,Russia,Bryansk Oblast,8927,37,7288,1602.0,737.1703295342128,0.414472947238714
390,Russia,Buryatia Republic,6152,62,5223,867.0,624.878746910903,1.0078023407022108
391,Russia,Chechen Republic,2374,40,1811,523.0,165.20747316770368,1.6849199663016006
392,Russia,Chelyabinsk Oblast,14928,122,10969,3837.0,427.3646192023214,0.8172561629153269
393,Russia,Chukotka Autonomous Okrug,182,2,172,8.0,368.809272918862,1.0989010989010992
394,Russia,Chuvashia Republic,8301,85,7047,1169.0,674.2657277902912,1.0239730152993616
395,Russia,Dagestan Republic,12514,543,10744,1227.0,408.4356952039648,4.3391401630174204
396,Russia,Ingushetia Republic,5136,78,4408,650.0,1052.3662873968071,1.5186915887850467
397,Russia,Irkutsk Oblast,18211,274,14815,3122.0,757.4676762908168,1.5045851408489377
398,Russia,Ivanovo Oblast,8184,130,6708,1346.0,806.5867307415591,1.5884652981427174
399,Russia,Jewish Autonomous Okrug,772,10,642,120.0,476.50203068870593,1.2953367875647668
400,Russia,Kabardino-Balkarian Republic,7191,86,6344,761.0,830.5344710496772,1.1959393686552635
401,Russia,Kaliningrad Oblast,3941,67,3118,756.0,396.2400927408937,1.7000761228114691
402,Russia,Kalmykia Republic,5681,65,3332,2284.0,2062.720350891207,1.1441647597254003
403,Russia,Kaluga Oblast,8672,72,7367,1233.0,856.8695803394279,0.8302583025830258
404,Russia,Kamchatka Krai,4224,67,3250,907.0,1338.5854219681391,1.5861742424242424
405,Russia,Karachay-Cherkess Republic,6285,28,4703,1554.0,1347.8302827548493,0.4455051710421639
406,Russia,Karelia Republic,3610,16,2635,959.0,579.9345846640235,0.443213296398892
407,Russia,Kemerovo Oblast,8323,67,6281,1975.0,308.8452645519628,0.8049981977652289
408,Russia,Khabarovsk Krai,11325,101,9144,2080.0,852.5922568813417,0.8918322295805741
409,Russia,Khakassia Republic,3963,47,3366,550.0,737.2844935843412,1.1859702245773405
410,Russia,Khanty-Mansi Autonomous Okrug,21077,179,20289,609.0,1375.5651029242752,0.8492669734781991
411,Russia,Kirov Oblast,7769,120,5512,2137.0,605.4215975524414,1.5446003346634058
412,Russia,Komi Republic,7432,97,6376,959.0,883.8433390060092,1.3051668460710442
413,Russia,Kostroma Oblast,4277,58,3148,1071.0,664.8282980271216,1.3560907177928454
414,Russia,Krasnodar Krai,12937,241,10164,2532.0,230.876857347834,1.8628739274947823
415,Russia,Krasnoyarsk Krai,18852,530,14706,3616.0,655.3804853611875,2.8113727986420542
416,Russia,Kurgan Oblast,3472,26,2973,473.0,410.62661953291223,0.7488479262672811
417,Russia,Kursk Oblast,7682,56,6483,1143.0,688.8221965375969,0.7289768289507941
418,Russia,Leningrad Oblast,7519,91,5358,2070.0,414.5403943950213,1.2102673227822849
419,Russia,Lipetsk Oblast,5715,37,5113,565.0,496.86967756070464,0.647419072615923
420,Russia,Magadan Oblast,2522,23,1971,528.0,1750.2828073925505,0.9119746233148296
421,Russia,Mari El Republic,4612,47,4075,490.0,675.9163047954593,1.0190806591500434
422,Russia,Mordovia Republic,6057,40,5025,992.0,752.3700214643452,0.6603929337956084
423,Russia,Moscow,275633,5044,236055,34534.0,2203.9236017714998,1.8299695609741944
424,Russia,Moscow Oblast,71348,1278,54355,15715.0,950.8775039532158,1.7912204967203005
425,Russia,Murmansk Oblast,14138,194,11694,2250.0,1876.1686242712894,1.37218842834913
426,Russia,Nenets Autonomous Okrug,324,0,114,210.0,736.413846398618,0.0
427,Russia,Nizhny Novgorod Oblast,30599,543,27156,2900.0,945.9457788417784,1.7745677963332136
428,Russia,North Ossetia - Alania Republic,5440,68,4607,765.0,775.1882752773364,1.25
429,Russia,Novgorod Oblast,4832,86,3539,1207.0,796.7339185722107,1.7798013245033113
430,Russia,Novosibirsk Oblast,12410,410,11289,711.0,444.9864442284252,3.30378726833199
431,Russia,Omsk Oblast,10190,261,8917,1012.0,519.8764744926358,2.561334641805692
432,Russia,Orel Oblast,7975,122,6365,1488.0,1067.2508554734914,1.5297805642633229
433,Russia,Orenburg Oblast,11729,82,10667,980.0,593.0566510931781,0.6991218347685225
434,Russia,Penza Oblast,9875,122,8479,1274.0,741.5584366821738,1.2354430379746837
435,Russia,Perm Krai,9012,248,6244,2520.0,343.56007841038274,2.751886373723924
436,Russia,Primorsky Krai,10985,113,9419,1453.0,574.2178536013679,1.028675466545289
437,Russia,Pskov Oblast,5091,65,3887,1139.0,799.7850901584488,1.2767629149479474
438,Russia,Rostov Oblast,19885,436,16054,3395.0,471.15806553421294,2.19260749308524
439,Russia,Ryazan Oblast,7747,47,6565,1135.0,690.7873031385478,0.6066864592745579
440,Russia,Saint Petersburg,40517,2762,27717,10038.0,757.0532900717218,6.816891675099341
441,Russia,Sakha (Yakutiya) Republic,8536,93,6632,1811.0,885.174162371802,1.0895032802249298
442,Russia,Sakhalin Oblast,5206,0,3679,1527.0,1062.0566688631343,0.0
443,Russia,Samara Oblast,10550,172,8210,2168.0,330.3570925319257,1.6303317535545023
444,Russia,Saratov Oblast,14332,93,9477,4762.0,581.9038145313548,0.6488975718671505
445,Russia,Smolensk Oblast,6408,137,5627,644.0,674.9895717903235,2.137952559300874
446,Russia,Stavropol Krai,14487,287,10225,3975.0,517.268343263086,1.9810864913370607
447,Russia,Sverdlovsk Oblast,27679,567,21087,6025.0,639.9390001424193,2.048484410563965
448,Russia,Tambov Oblast,7288,46,6392,850.0,705.1411056241002,0.6311745334796927
449,Russia,Tatarstan Republic,6974,45,5898,1031.0,179.08298418913463,0.6452537998279323
450,Russia,Tomsk Oblast,6713,78,5462,1173.0,622.5655673850947,1.1619246238641443
451,Russia,Tula Oblast,9808,356,8801,651.0,657.4365471175147,3.629690048939641
452,Russia,Tver Oblast,5862,227,4416,1219.0,456.58721695993296,3.872398498805868
453,Russia,Tyumen Oblast,8754,36,7402,1316.0,237.081572960676,0.4112405757368061
454,Russia,Tyva Republic,7321,71,6609,641.0,2275.5671045188087,0.9698128670946592
455,Russia,Udmurt Republic,4245,62,3261,922.0,280.5602480826731,1.4605418138987043
456,Russia,Ulyanovsk Oblast,14154,140,12136,1878.0,1135.3919163689275,0.9891196834817012
457,Russia,Vladimir Oblast,6906,201,5774,931.0,501.03857039316216,2.9105125977410946
458,Russia,Volgograd Oblast,13965,130,12334,1501.0,553.8862068254329,0.9308986752595776
459,Russia,Vologda Oblast,4124,45,3523,556.0,350.47493432844186,1.0911736178467508
460,Russia,Voronezh Oblast,16256,153,15125,978.0,696.5559558619368,0.9411909448818898
461,Russia,Yamalo-Nenets Autonomous Okrug,14398,98,13259,1041.0,2673.48996466418,0.6806500902903181
462,Russia,Yaroslavl Oblast,8041,45,7659,337.0,635.3086552409608,0.5596318865812709
463,Russia,Zabaykalsky Krai,5481,65,4602,814.0,510.9031828681048,1.1859149790184274
464,Rwanda,Béni Abbès ⴰⵢⵜ ⴰⴱⴱⴰⵙ بني عباس,4689,26,2910,1753.0,36.20231884769617,0.5544892301130305
465,San Marino,محافظة لحج,723,42,669,12.0,2130.355353880606,5.809128630705394
466,Sao Tome and Principe,Volta Region,908,15,876,17.0,414.30729007442017,1.6519823788546255
467,Senegal,Huíla,14688,302,11153,3233.0,87.72134140551232,2.056100217864924
468,Seychelles,Scotland,141,0,136,5.0,143.38010982306284,0.0
469,Slovakia,المنطقة الشرقية,6546,39,3519,2988.0,119.89794937141492,0.5957836846929423
470,Slovenia,محافظة شبوة,4309,141,2981,1187.0,207.2698866533393,3.2722209329310745
471,Somalia,Auvergne-Rhône-Alpes,3401,98,2812,491.0,21.399063336382643,2.881505439576596
472,South Sudan,Ouargla ⵡⴰⵔⴳⵍⴰ ورقلة,2642,49,1290,1303.0,23.602501007483745,1.854655563966692
473,Spain,Andalusia,47612,1662,10671,35279.0,564.9663211866524,3.490716626060657
474,Spain,Aragon,32266,1302,3772,27192.0,2443.3092581626643,4.035207338994606
475,Spain,Asturias,4340,341,1063,2936.0,424.57237051276405,7.857142857142858
476,Spain,Baleares,12059,270,1533,10256.0,1014.8793994378143,2.238991624512812
477,Spain,C. Valenciana,34370,1541,9970,22859.0,690.8585762041936,4.48356124527204
478,Spain,Canarias,11479,209,1537,9733.0,520.1411390905165,1.820716090251764
479,Spain,Cantabria,6058,231,2287,3540.0,1041.5359302387556,3.8131396500495214
480,Spain,Castilla - La Mancha,34835,3065,6392,25378.0,1711.8970827229361,8.798622075498779
481,Spain,Castilla y Leon,38872,2931,8716,27225.0,1614.46472677826,7.540131714344517
482,Spain,Catalonia,128901,5797,26203,96901.0,1703.5905038980732,4.497249827386909
483,Spain,Ceuta,441,9,163,269.0,519.8693842907496,2.0408163265306123
484,Spain,Extremadura,8166,544,2652,4970.0,766.4554205649582,6.6617683076169465
485,Spain,Galicia,18593,702,9204,8687.0,688.5171718248982,3.7756144785672032
486,Spain,La Rioja,7333,393,3107,3833.0,2338.545337419596,5.359334515205236
487,Spain,Madrid,187045,8999,40736,137310.0,2816.2433757038348,4.811141703868053
488,Spain,Melilla,664,4,125,535.0,784.0451534437766,0.6024096385542169
489,Spain,Murcia,13371,193,2180,10998.0,898.7922667969832,1.4434223319123476
490,Spain,Navarra,14205,553,3905,9747.0,2185.5661854984874,3.8929954241464273
491,Spain,Pais Vasco,39430,1749,16160,21521.0,1810.4762429518607,4.435708851128583
492,Sudan,الجبل الغربي,13535,836,6759,5940.0,30.86710521901745,6.176579239009974
493,Sweden,Blekinge,624,17,0,607.0,390.96274576143753,2.7243589743589745
494,Sweden,Dalarna,2365,174,0,2191.0,821.2775119284915,7.357293868921776
495,Sweden,Gavleborg,3285,167,0,3118.0,1143.0778545629162,5.083713850837139
496,Sweden,Gotland,324,6,0,318.0,542.8408672050397,1.851851851851852
497,Sweden,Halland,2356,83,0,2273.0,705.710383168388,3.5229202037351444
498,Sweden,Jamtland Harjedalen,1222,64,0,1158.0,934.1793440868436,5.2373158756137475
499,Sweden,Jonkoping,5224,181,0,5043.0,1436.747625818553,3.464777947932619
500,Sweden,Kalmar,911,64,0,847.0,371.16107005206845,7.025246981339188
501,Sweden,Kronoberg,1548,116,0,1432.0,768.3564220798238,7.493540051679586
502,Sweden,Norrbotten,1685,88,0,1597.0,673.7493652361321,5.222551928783383
503,Sweden,Orebro,2860,172,0,2688.0,938.3048178343532,6.013986013986014
504,Sweden,Ostergotland,3954,277,0,3677.0,849.4183610994747,7.005563985837128
505,Sweden,Skane,5366,276,0,5090.0,389.4538283833892,5.143496086470369
506,Sweden,Sormland,2460,254,0,2206.0,826.7795926598102,10.32520325203252
507,Sweden,Stockholm,23739,2400,0,21339.0,998.6618041202637,10.109945659042085
508,Sweden,Uppsala,3919,243,0,3676.0,1021.3362591311735,6.2005613676958395
509,Sweden,Varmland,1241,73,0,1168.0,439.42580750246094,5.882352941176473
510,Sweden,Vasterbotten,905,31,0,874.0,333.04383666499837,3.4254143646408837
511,Sweden,Vasternorrland,1881,136,0,1745.0,766.6692480446063,7.230196703880915
512,Sweden,Vastmanland,2854,183,0,2671.0,1034.6390182892567,6.412053258584442
513,Sweden,Vastra Gotaland,19514,860,0,18654.0,1130.6689163389594,4.407092343958183
514,Switzerland,توجدير Togdheer,49283,2045,40500,6738.0,569.4416553104942,4.149503885721241
515,Tunisia,ولاية النيل الأزرق,9110,138,2366,6606.0,77.08177047434819,1.5148188803512623
516,Turkey,محافظة حمص,301348,7445,266117,27786.0,357.30535174167863,2.4705655919402147
517,US,Alabama,144164,2437,0,141727.0,3146.021465040227,1.9997890722836897
518,US,Alaska,6722,44,0,6678.0,673.5633240373755,0.2026951168562521
519,US,Arizona,212938,5449,0,207489.0,2927.250678937341,3.111245297559342
520,US,Arkansas,75160,1181,0,73979.0,2531.229573446987,1.821153101596221
521,US,California,783313,15018,0,768295.0,1518.674378980244,1.4476562168715719
522,US,Colorado,64336,2013,0,62323.0,854.5063839285461,1.941066721888134
523,US,Connecticut,55527,4492,0,51035.0,1064.4761316973609,6.5158105510391495
524,US,Delaware,19449,621,0,18828.0,1524.8703069169965,2.5580093989673913
525,US,Diamond Princess,49,0,0,49.0,0.015348040305833198,0.0
526,US,District of Columbia,14902,619,0,14283.0,2111.515567149227,4.153804858408267
527,US,Florida,681233,13287,0,667946.0,3472.160863433461,1.8421327112143615
528,US,Georgia,305021,6599,0,298422.0,2981.9020564959264,2.8690190377003164
529,US,Grand Princess,103,3,0,100.0,0.0322622071734861,2.9126213592233015
530,US,Guam,2074,31,0,2043.0,1262.8707475537208,1.4946962391513985
531,US,Hawaii,11326,120,0,11206.0,278.96550431836994,1.5320547095944235
532,US,Idaho,37247,441,0,36806.0,1544.8530152686321,1.0032151815843326
533,US,Illinois,275041,8672,0,266369.0,1413.2987287253002,1.8558327513052506
534,US,Indiana,110759,3503,0,107256.0,1331.9935919893705,2.8768787784697323
535,US,Iowa,79804,1265,0,78520.0,2079.4414118933755,1.581705981167551
536,US,Kansas,52472,592,0,51880.0,1377.9631322221212,1.0742628903399776
537,US,Kentucky,61106,1108,0,59998.0,1111.4619227066994,1.7541109518683187
538,US,Louisiana,160093,5172,0,154921.0,3676.4584682321915,3.1335726636614445
539,US,Maine,4961,125,0,4836.0,201.0974533389236,2.036969859344655
540,US,Maryland,119744,3876,0,115868.0,1438.4297440495168,3.0592039040270094
541,US,Massachusetts,126778,9228,0,117550.0,1385.3160617327767,7.067663597350506
542,US,Michigan,128087,6969,0,121118.0,653.6786586993303,2.8542143237500217
543,US,Minnesota,88534,1963,0,86571.0,1261.0905289692173,1.3486193394805586
544,US,Mississippi,93087,2809,0,90278.0,3581.8612134892173,3.2772760930181106
545,US,Missouri,112864,1825,0,111039.0,1420.0939626961333,1.0118397939379902
546,US,Montana,10163,156,0,10007.0,859.5588654000953,0.9864958453399709
547,US,Nebraska,40764,433,0,40331.0,1266.8863724551904,0.9791841036014624
548,US,Nevada,75419,1528,0,73891.0,784.6526123436633,1.1301721410265566
549,US,New Hampshire,7920,438,0,7482.0,309.3225890277729,2.5504484813921056
550,US,New Jersey,197859,15866,0,181993.0,1940.2432438878036,7.721166322584689
551,US,New Mexico,27512,847,0,26665.0,1020.7064646962016,2.570814584613655
552,US,New York,448715,33027,0,415688.0,1006.7597780402216,3.9860741236317647
553,US,North Carolina,192247,3235,0,189012.0,1763.303090944363,1.8959174682070012
554,US,North Dakota,17607,192,0,17415.0,1647.0653564783158,0.7091735058433202
555,US,Northern Mariana Islands,68,2,0,66.0,123.31350645582475,2.9411764705882355
556,US,Ohio,143441,4594,0,138847.0,970.26325980338,3.175521154507983
557,US,Oklahoma,75804,943,0,74861.0,1567.0574697065301,1.3891102269845823
558,US,Oregon,30342,521,0,29821.0,827.0899083214051,1.1691487791374429
559,US,Pennsylvania,154236,7940,0,146296.0,733.4369961927424,3.5353146376534643
560,US,Puerto Rico,40437,0,0,40437.0,947.6585201337246,0.0
562,US,Rhode Island,21374,0,0,21374.0,1180.0665381573326,0.0
563,US,South Carolina,137240,3188,0,134052.0,2732.6869360403552,2.764962800536265
564,US,South Dakota,18444,200,0,18244.0,1593.0046470064467,0.8275307569346368
565,US,Tennessee,181439,2216,0,179223.0,2653.724464785746,1.2692344445502182
566,US,Texas,707926,15048,0,692878.0,1995.7202157039537,2.770733725450324
567,US,Utah,62852,440,0,62412.0,1587.9489110867598,0.7829202989001083
568,US,Vermont,1710,58,0,1652.0,189.59138320403773,1.5923367108605009
569,US,Virgin Islands,1257,19,0,1238.0,1171.831301040385,1.511535401750199
570,US,Virginia,139540,2987,0,136553.0,1551.4511434217384,2.375583716903502
571,US,Washington,82199,2037,0,80162.0,1106.877036595116,1.7117586347804399
572,US,West Virginia,13889,311,0,13578.0,588.539745238961,2.1284380368843405
573,US,Wisconsin,97279,1238,0,96041.0,1156.3535790004785,0.9911222072807964
574,US,Wyoming,4781,49,0,4731.0,768.2584568545471,1.2499979839011501
575,Uganda,El Bayadh ⵍⴱⴻⵢⴻⴹ البيض,6017,63,2581,3373.0,13.154500338864475,1.047033405351504
576,Ukraine,Cherkasy Oblast,2983,48,1345,1590.0,247.27463234166507,1.609118337244385
577,Ukraine,Chernihiv Oblast,3188,46,738,2404.0,316.9789558983639,1.4429109159347553
578,Ukraine,Chernivtsi Oblast,12917,329,7514,5074.0,1428.280777642878,2.5470310443601454
579,Ukraine,Crimea Republic*,3573,47,2400,1126.0,186.703355905297,1.315421214665547
580,Ukraine,Dnipropetrovsk Oblast,3878,89,1830,1959.0,120.94270440736048,2.294997421351212
581,Ukraine,Donetsk Oblast,2371,35,982,1354.0,56.9144586009125,1.4761703922395613
582,Ukraine,Ivano-Frankivsk Oblast,12212,277,5354,6581.0,889.2759668291037,2.26826072715362
583,Ukraine,Kharkiv Oblast,14464,295,4102,10067.0,540.5894308487299,2.0395464601769917
584,Ukraine,Kherson Oblast,790,20,436,334.0,76.13430476851316,2.5316455696202533
585,Ukraine,Khmelnytskyi Oblast,4481,90,2044,2347.0,354.3118751013082,2.008480249944209
586,Ukraine,Kiev,19140,312,5828,13000.0,648.6376575843839,1.6300940438871474
587,Ukraine,Kiev Oblast,7611,156,4929,2526.0,430.50103510300124,2.0496649586125346
588,Ukraine,Kirovohrad Oblast,973,52,777,144.0,102.90318111488668,5.344295991778006
589,Ukraine,Luhansk Oblast,735,5,399,331.0,34.156925746561186,0.6802721088435374
590,Ukraine,Lviv Oblast,18129,515,6040,11574.0,718.8282730397566,2.8407523856804016
591,Ukraine,Mykolaiv Oblast,2374,57,815,1502.0,94.13085775257223,2.4010109519797806
592,Ukraine,Odessa Oblast,11205,160,2424,8621.0,470.73740037003614,1.4279339580544401
593,Ukraine,Poltava Oblast,1461,33,714,714.0,104.32442969668794,2.2587268993839835
594,Ukraine,Rivne Oblast,11015,151,8576,2288.0,951.7835031681473,1.3708579210167953
595,Ukraine,Sevastopol*,763,22,517,224.0,172.15276696652387,2.8833551769331587
596,Ukraine,Sumy Oblast,2916,50,1302,1564.0,269.64596483505915,1.7146776406035664
597,Ukraine,Ternopil Oblast,11016,133,4862,6021.0,1053.2767174787905,1.2073347857661585
598,Ukraine,Vinnytsia Oblast,5200,98,3461,1641.0,333.24916655665174,1.8846153846153848
599,Ukraine,Volyn Oblast,6783,143,4774,1866.0,655.1534293413695,2.108211705734925
600,Ukraine,Zakarpattia Oblast,9110,290,4054,4766.0,724.8556256275847,3.18331503841932
601,Ukraine,Zaporizhia Oblast,2829,42,1075,1712.0,165.84243737381553,1.4846235418875928
602,Ukraine,Zhytomyr Oblast,4931,90,2379,2462.0,404.1163979796639,1.825187588724397
603,United Arab Emirates,województwo podlaskie,84242,404,73512,10326.0,851.755237401925,0.4795707604282899
604,United Kingdom,Anguilla,3,0,3,0.0,19.99733368884149,0.0
605,United Kingdom,Bermuda,180,9,166,5.0,289.0498289788512,5.0
606,United Kingdom,British Virgin Islands,69,1,48,20.0,228.19724178986007,1.4492753623188406
607,United Kingdom,Cayman Islands,208,1,204,3.0,316.4942178940961,0.4807692307692308
608,United Kingdom,Channel Islands,644,48,575,21.0,377.7148253068933,7.453416149068322
609,United Kingdom,England,336622,37076,0,299546.0,601.3555519032749,11.014134548544064
610,United Kingdom,Falkland Islands (Malvinas),13,0,13,0.0,373.2414585127763,0.0
611,United Kingdom,Gibraltar,350,0,322,28.0,1038.8531061707874,0.0
612,United Kingdom,Isle of Man,339,24,312,3.0,398.6734405870731,7.079646017699115
613,United Kingdom,Montserrat,13,1,12,0.0,260.05201040208044,7.6923076923076925
614,United Kingdom,Northern Ireland,9165,575,0,8590.0,487.0854591836735,6.273867975995637
615,United Kingdom,Scotland,24126,2505,0,21621.0,441.6012300258087,10.38298930614275
616,United Kingdom,Turks and Caicos Islands,668,5,572,91.0,1725.2957280851285,0.7485029940119761
617,United Kingdom,Wales,20445,1603,0,18842.0,651.4050850697762,7.840547811200782
618,Uzbekistan,Архангельская область,50992,427,47271,3294.0,152.35500556795515,0.8373862566677126
619,Western Sahara,North-Western Province,10,1,8,1.0,1.674116485025028,10.0
