,country,province,age,sex,RecoveryRate,Hospitalizations,NonHospitalizations,deceased
0,Afghanistan,Herat,37.5,0.5,0.0,0.0,0.25,0.0
1,Algeria,Ain Defla,45.666666666666664,0.5,0.0,0.0,0.25,0.0
2,Algeria,Ain Temouchent,15.5,1.0,0.0,0.0,0.25,0.0
3,Algeria,Alger,38.6,0.8,0.0,0.0,0.25,0.0
4,Algeria,Algiers,40.0,1.0,0.0,0.0,0.25,0.0
5,Algeria,Annaba,35.75,0.75,0.0,0.0,0.25,0.0
6,Algeria,Batna,79.33333333333333,0.3333333333333333,0.0,0.0,0.25,0.0
7,Algeria,Bechar,67.0,0.0,0.0,0.0,0.25,0.0
8,Algeria,Bejaia,43.0,0.75,0.0,0.0,0.1875,0.0625
9,Algeria,Biskra,67.0,0.0,0.0,0.0,0.25,0.0
10,Algeria,Blida,43.09090909090909,0.5454545454545454,0.0,0.0,0.20454545454545456,0.045454545454545456
11,Algeria,Bordj Bou-Arreridj,50.8,0.6,0.0,0.0,0.25,0.0
12,Algeria,Bouira,47.4,0.6,0.0,0.0,0.25,0.0
13,Algeria,Boumerdes,56.5,0.16666666666666666,0.0,0.0,0.25,0.0
14,Algeria,Chlef,53.5,0.5,0.0,0.0,0.25,0.0
15,Algeria,Constantine,65.0,0.5,0.0,0.0,0.25,0.0
16,Algeria,Djelfa,65.66666666666667,0.0,0.0,0.0,0.25,0.0
17,Algeria,El Oued,42.5,0.5,0.0,0.0,0.125,0.125
18,Algeria,El Tarf,23.0,1.0,0.0,0.0,0.25,0.0
19,Algeria,Ghardaia,40.0,1.0,0.0,0.0,0.25,0.0
20,Algeria,Guelma,45.0,0.5,0.0,0.0,0.25,0.0
21,Algeria,Illizi,90.0,0.0,0.0,0.0,0.25,0.0
22,Algeria,Jijel,24.0,1.0,0.0,0.0,0.25,0.0
23,Algeria,Khenchela,62.5,1.0,0.0,0.0,0.125,0.125
24,Algeria,Laghouat,23.0,1.0,0.0,0.0,0.25,0.0
25,Algeria,M'sila,78.5,0.0,0.0,0.0,0.25,0.0
26,Algeria,Mascara,50.285714285714285,0.2857142857142857,0.07142857142857142,0.0,0.17857142857142858,0.0
27,Algeria,Medea,34.333333333333336,1.0,0.0,0.0,0.25,0.0
28,Algeria,Mila,40.0,0.0,0.0,0.0,0.25,0.0
29,Algeria,Mostaganem,37.666666666666664,0.6666666666666666,0.0,0.0,0.25,0.0
30,Algeria,Oran,48.3,0.4,0.0,0.0,0.25,0.0
31,Algeria,Ouargla,23.0,1.0,0.0,0.0,0.25,0.0
32,Algeria,Oum El Bouaghi,45.0,0.5,0.0,0.0,0.25,0.0
33,Algeria,Relizane,56.5,0.5,0.0,0.0,0.25,0.0
34,Algeria,Setif,49.77777777777778,0.6666666666666666,0.0,0.0,0.25,0.0
35,Algeria,Sidi Bel Abbes,55.0,0.5,0.0,0.0,0.25,0.0
36,Algeria,Skikda,56.0,0.5,0.0,0.0,0.25,0.0
37,Algeria,Souk-Ahras,58.0,0.3333333333333333,0.0,0.0,0.25,0.0
38,Algeria,Tebessa,67.0,0.0,0.0,0.0,0.25,0.0
39,Algeria,Tipaza,30.2,1.0,0.0,0.0,0.25,0.0
40,Algeria,Tissemsilt,40.0,1.0,0.0,0.0,0.25,0.0
41,Algeria,Tizi Ouzou,64.75,0.25,0.0,0.0,0.21875,0.03125
42,Algeria,Tlemcen,50.666666666666664,0.3333333333333333,0.0,0.0,0.25,0.0
43,Argentina,Buenos Aires,39.83513513513513,0.5131756756756757,0.0,0.0,0.25,0.0
44,Argentina,CABA,39.02158415841584,0.499009900990099,0.0,0.0,0.25,0.0
45,Argentina,Chaco,41.866391184573004,0.5013774104683195,0.0,0.0,0.25,0.0
46,Argentina,Chubut,38.64705882352941,0.5294117647058824,0.0,0.0,0.25,0.0
47,Argentina,Ciudad de Buenos Aires,67.0,0.0,0.0,0.0,0.25,0.0
48,Argentina,Cordoba,45.16564417177914,0.5214723926380368,0.0,0.0,0.25,0.0
49,Argentina,Corrientes,39.736111111111114,0.6666666666666666,0.0,0.0,0.25,0.0
50,Argentina,Entre Rios,41.225,0.65,0.0,0.0,0.25,0.0
51,Argentina,Jujuy,41.55555555555556,0.2222222222222222,0.0,0.0,0.25,0.0
52,Argentina,La Pampa,62.666666666666664,0.3333333333333333,0.0,0.0,0.25,0.0
53,Argentina,La Rioja,44.42857142857143,0.47619047619047616,0.0,0.0,0.25,0.0
54,Argentina,Mendoza,46.63636363636363,0.5454545454545454,0.0,0.0,0.25,0.0
55,Argentina,Misiones,40.14705882352941,0.5588235294117647,0.0,0.0,0.25,0.0
56,Argentina,Neuquen,35.30612244897959,0.5306122448979592,0.0,0.0,0.25,0.0
57,Argentina,Rio Negro,40.976539589442815,0.5161290322580645,0.0,0.0,0.25,0.0
58,Argentina,SIN ESPECIFIcaR,33.71153846153846,0.4519230769230769,0.0,0.0,0.25,0.0
59,Argentina,Salta,36.4,0.5333333333333333,0.0,0.0,0.25,0.0
60,Argentina,San Juan,48.0,0.75,0.0,0.0,0.25,0.0
61,Argentina,San Luis,28.545454545454547,0.9090909090909091,0.0,0.0,0.25,0.0
62,Argentina,Santa Cruz,45.9,0.6,0.0,0.0,0.25,0.0
63,Argentina,Santa Fe,43.239583333333336,0.5260416666666666,0.0,0.0,0.25,0.0
64,Argentina,Sante Fe,40.0,0.0,0.0,0.0,0.25,0.0
65,Argentina,Santiago del Estero,37.89473684210526,0.7894736842105263,0.0,0.0,0.25,0.0
66,Argentina,Tierra del Fuego,39.49514563106796,0.5533980582524272,0.0,0.0,0.25,0.0
67,Argentina,Tucuman,43.02439024390244,0.4878048780487805,0.0,0.0,0.25,0.0
68,Australia,New South Wales,44.5,0.5204081632653061,0.0,0.0,0.24489795918367346,0.00510204081632653
69,Australia,Queensland,43.17391304347826,0.6304347826086957,0.08695652173913043,0.0,0.16304347826086957,0.0
70,Australia,South Australia,51.45454545454545,0.5454545454545454,0.06818181818181818,0.0,0.18181818181818182,0.0
71,Australia,Tasmania,23.0,1.0,0.0,0.0,0.25,0.0
72,Australia,Victoria,50.96153846153846,0.6538461538461539,0.0,0.0,0.25,0.0
73,Austria,Burgenland,43.36986301369863,0.6027397260273972,0.0,0.0,0.25,0.0
74,Austria,Carinthia,47.64,0.49333333333333335,0.0,0.0,0.25,0.0
75,Austria,Lower Austria,44.688427299703264,0.5400593471810089,0.0,0.0,0.25,0.0
76,Austria,Salzburg,46.6,0.5384615384615384,0.0,0.0,0.25,0.0
77,Austria,Styria,42.99476439790576,0.5916230366492147,0.0,0.0,0.25,0.0
78,Austria,Tyrol,44.42944785276074,0.5828220858895705,0.0,0.0,0.25,0.0
79,Austria,Upper Austria,45.43298969072165,0.5515463917525774,0.0,0.0,0.25,0.0
80,Austria,Vienna,54.40384615384615,0.36538461538461536,0.0,0.0,0.25,0.0
81,Austria,Vorarlberg,44.042857142857144,0.6142857142857143,0.0,0.0,0.25,0.0
82,Bahamas,Bimini,45.5,0.2,0.0,0.0,0.225,0.025
83,Bahamas,Grand Bahama,40.75,0.125,0.0,0.0,0.25,0.0
84,Bahamas,New Providence,49.95744680851064,0.3829787234042553,0.0,0.0,0.25,0.0
85,Belgium,Brussels,53.47945205479452,0.4954337899543379,0.0,0.0,0.25,0.0
86,Belgium,Flanders,53.83526570048309,0.486231884057971,0.0,0.0,0.25,0.0
87,Belgium,Wallonia,55.013355048859935,0.4781758957654723,0.0,0.0,0.25,0.0
88,Bolivia,Cochabamba,46.285714285714285,0.8571428571428571,0.0,0.0,0.25,0.0
89,Bolivia,La Paz,55.333333333333336,0.6666666666666666,0.0,0.0,0.25,0.0
90,Bolivia,Oruro,30.0,0.3333333333333333,0.0,0.0,0.25,0.0
91,Bolivia,Potosi,68.0,0.0,0.0,0.0,0.25,0.0
92,Bolivia,Santa Cruz,46.0,0.3793103448275862,0.0,0.0,0.25,0.0
93,Brazil,Acre,47.75,0.625,0.0,0.0,0.25,0.0
94,Brazil,Alagoas,46.142857142857146,0.42857142857142855,0.0,0.0,0.25,0.0
95,Brazil,Amapa,38.5,0.5,0.0,0.0,0.25,0.0
96,Brazil,Amazonas,45.0,0.625,0.0,0.0,0.25,0.0
97,Brazil,Bahia,48.46,0.5,0.0,0.0,0.25,0.0
98,Brazil,Ceara,59.0,0.4666666666666667,0.0,0.0,0.25,0.0
99,Brazil,Distrito Federal,48.5,0.6363636363636364,0.0,0.0,0.25,0.0
100,Brazil,Espirito Santo,43.72727272727273,0.6818181818181818,0.0,0.0,0.25,0.0
101,Brazil,Goias,49.4,0.2,0.0,0.0,0.25,0.0
102,Brazil,Maranhao,57.333333333333336,0.3333333333333333,0.0,0.0,0.25,0.0
103,Brazil,Mato Grosso,40.333333333333336,0.3333333333333333,0.0,0.0,0.25,0.0
104,Brazil,Mato Grosso do Sul,40.0,0.5,0.0,0.0,0.25,0.0
105,Brazil,Minas Gerais,43.422222222222224,0.5333333333333333,0.0,0.0,0.25,0.0
106,Brazil,Para,38.714285714285715,0.42857142857142855,0.0,0.0,0.25,0.0
107,Brazil,Paraiba,45.875,0.625,0.0,0.0,0.25,0.0
108,Brazil,Parana,40.02777777777778,0.4722222222222222,0.0,0.0,0.25,0.0
109,Brazil,Pernambuco,46.23076923076923,0.5,0.0,0.0,0.25,0.0
110,Brazil,Piaui,40.0,1.0,0.0,0.0,0.25,0.0
111,Brazil,Rio Grande Do Sul,43.6,0.8,0.0,0.0,0.25,0.0
112,Brazil,Rio Grande do Norte,42.142857142857146,0.42857142857142855,0.0,0.0,0.25,0.0
113,Brazil,Rio Grande do Sul,45.827586206896555,0.5977011494252874,0.0,0.0,0.25,0.0
114,Brazil,Rio de Janeiro,49.51219512195122,0.3902439024390244,0.0,0.0,0.25,0.0
115,Brazil,Rondonia,37.333333333333336,0.3333333333333333,0.0,0.0,0.25,0.0
116,Brazil,Roraima,90.0,0.0,0.0,0.0,0.25,0.0
117,Brazil,Santa Catarina,45.94444444444444,0.5555555555555556,0.0,0.0,0.25,0.0
118,Brazil,Sao Paulo,41.71153846153846,0.5384615384615384,0.019230769230769232,0.0,0.23076923076923078,0.0
119,Brazil,Sergipe,48.13333333333333,0.3333333333333333,0.0,0.0,0.25,0.0
120,Brazil,Tocantins,40.333333333333336,0.3333333333333333,0.0,0.0,0.25,0.0
121,Cambodia,Sihanoukville,60.0,1.0,0.0,0.0,0.25,0.0
122,Canada,Alberta,44.88461538461539,0.46153846153846156,0.0,0.0,0.25,0.0
123,Canada,British Columbia,53.40350877192982,0.543859649122807,0.0,0.0,0.2412280701754386,0.008771929824561403
124,Canada,Manitoba,52.57142857142857,0.5,0.0,0.0,0.25,0.0
125,Canada,New Brunswick,50.666666666666664,0.8333333333333334,0.0,0.0,0.25,0.0
126,Canada,Newfoundland and Labrador,40.0,0.0,0.0,0.0,0.25,0.0
127,Canada,Nova Scotia,54.5,0.625,0.0,0.0,0.25,0.0
128,Canada,Ontario,48.51639344262295,0.48360655737704916,0.00819672131147541,0.0,0.24180327868852458,0.0
129,Canada,Prince Edward Island,49.0,0.5,0.0,0.0,0.25,0.0
130,Canada,Quebec,42.46153846153846,0.5769230769230769,0.0,0.0,0.25,0.0
131,Canada,Saskatchewan,40.214285714285715,0.5714285714285714,0.0,0.0,0.25,0.0
132,Chile,Antofagasta,56.166666666666664,0.3333333333333333,0.0,0.0,0.25,0.0
133,Chile,Araucania,47.833333333333336,0.3333333333333333,0.0,0.0,0.25,0.0
134,Chile,Arica y Parinacota,40.0,1.0,0.0,0.0,0.25,0.0
135,Chile,Atacama,45.0,0.5,0.0,0.0,0.25,0.0
136,Chile,Aysen,61.5,0.5,0.0,0.0,0.25,0.0
137,Chile,Biobio,42.583333333333336,0.5833333333333334,0.0,0.0,0.25,0.0
138,Chile,Coquimbo,38.25,0.75,0.0,0.0,0.25,0.0
139,Chile,Los Lagos,41.142857142857146,0.42857142857142855,0.0,0.0,0.25,0.0
140,Chile,Los Rios,38.75,0.75,0.0,0.0,0.25,0.0
141,Chile,Magallanes,58.0,0.3333333333333333,0.0,0.0,0.25,0.0
142,Chile,Maule,59.75,0.3333333333333333,0.0,0.0,0.25,0.0
143,Chile,Metropolitan Region,33.04,0.6,0.0,0.0,0.25,0.0
144,Chile,Nuble,27.7,0.8,0.0,0.0,0.25,0.0
145,Chile,OHiggins,40.0,0.5,0.0,0.0,0.25,0.0
146,Chile,Santiago Metropolitan Region,56.0,1.0,0.0,0.0,0.25,0.0
147,Chile,Tarapaca,53.5,0.0,0.0,0.0,0.25,0.0
148,Chile,Valparaiso,45.4,0.6,0.0,0.0,0.25,0.0
149,China,Anhui,45.223958333333336,0.5572916666666666,0.0026041666666666665,0.0,0.24739583333333334,0.0
150,China,Beijing,43.23529411764706,0.5294117647058824,0.03676470588235294,0.0,0.21323529411764705,0.0
151,China,Chongqing,44.309859154929576,0.5633802816901409,0.0035211267605633804,0.0,0.24647887323943662,0.0
152,China,Fujian,46.33802816901409,0.5211267605633803,0.0,0.0,0.25,0.0
153,China,Gansu,44.725,0.4375,0.0375,0.0,0.2,0.0125
154,China,Guangdong,44.53947368421053,0.5263157894736842,0.0,0.0,0.25,0.0
155,China,Guangxi,45.95348837209303,0.5465116279069767,0.005813953488372093,0.0,0.2441860465116279,0.0
156,China,Guizhou,42.13333333333333,0.5166666666666667,0.05,0.0,0.2,0.0
157,China,Hainan,47.53763440860215,0.43010752688172044,0.0,0.0,0.2446236559139785,0.005376344086021506
158,China,Hebei,45.49090909090909,0.6545454545454545,0.0,0.0,0.24545454545454545,0.004545454545454545
159,China,Heilongjiang,49.388888888888886,0.6666666666666666,0.0,0.0,0.2222222222222222,0.027777777777777776
160,China,Henan,43.97163120567376,0.5177304964539007,0.0,0.0,0.25,0.0
161,China,Hong Kong,52.390243902439025,0.5609756097560976,0.024390243902439025,0.0,0.21341463414634146,0.012195121951219513
162,China,Hubei,53.098765432098766,0.5617283950617284,0.0030864197530864196,0.0,0.18518518518518517,0.06172839506172839
163,China,Hunan,44.52100840336134,0.48739495798319327,0.0,0.0,0.25,0.0
164,China,Inner Mongolia,44.77272727272727,0.6136363636363636,0.0,0.0,0.25,0.0
165,China,Jiangsu,45.5,0.5308641975308642,0.13271604938271606,0.0,0.11728395061728394,0.0
166,China,Jiangxi,44.53061224489796,0.5510204081632653,0.0,0.0,0.25,0.0
167,China,Jilin,44.666666666666664,0.5333333333333333,0.008333333333333333,0.0,0.24166666666666667,0.0
168,China,Liaoning,45.0,0.45454545454545453,0.011363636363636364,0.0,0.23863636363636365,0.0
169,China,Macau,58.0,0.42857142857142855,0.0,0.0,0.25,0.0
170,China,Ningxia,40.375,0.75,0.0,0.0,0.25,0.0
171,China,Ontario,44.0,0.0,0.0,0.0,0.25,0.0
172,China,Qinghai,38.95652173913044,0.5652173913043478,0.17391304347826086,0.0,0.07608695652173914,0.0
173,China,Shaanxi,44.88148148148148,0.6222222222222222,0.08518518518518518,0.0,0.1648148148148148,0.0
174,China,Shandong,45.47560975609756,0.5609756097560976,0.0,0.0,0.25,0.0
175,China,Shanghai,46.13157894736842,0.6842105263157895,0.0,0.0,0.25,0.0
176,China,Shanxi,34.166666666666664,0.6666666666666666,0.0,0.0,0.25,0.0
177,China,Sichuan,42.986486486486484,0.581081081081081,0.0,0.0,0.25,0.0
178,China,Tianjin,45.80769230769231,0.46153846153846156,0.0,0.0,0.25,0.0
179,China,Tibet,50.5,0.5,0.0,0.0,0.25,0.0
180,China,Xinjiang,42.26923076923077,0.6538461538461539,0.0,0.0,0.25,0.0
181,China,Yunnan,44.666666666666664,0.463768115942029,0.014492753623188406,0.0,0.23550724637681159,0.0
182,China,Zhejiang,47.039603960396036,0.5148514851485149,0.0049504950495049506,0.0,0.24504950495049505,0.0
183,Colombia,Amazonas,38.36318407960199,0.5562189054726369,0.0,0.0,0.25,0.0
184,Colombia,Antioquia,37.769832402234634,0.5787709497206703,0.0,0.0,0.25,0.0
185,Colombia,Arauca,32.5,0.5,0.0,0.0,0.25,0.0
186,Colombia,Archipielago de San Andres Providencia y Santa Catalina,34.86666666666667,0.6666666666666666,0.0,0.0,0.25,0.0
187,Colombia,Atlantico,38.67789244975557,0.5573058120586638,0.0,0.0,0.25,0.0
188,Colombia,Barranquilla,44.0,0.6,0.0,0.0,0.25,0.0
189,Colombia,Barranquilla DE,41.45420326223338,0.533249686323714,0.0,0.0,0.25,0.0
190,Colombia,Bogota,41.5,0.4,0.0,0.0,0.25,0.0
191,Colombia,Bogota DC,40.69006887358365,0.4994445678738058,0.0,0.0,0.25,0.0
192,Colombia,Bolivar,42.66304347826087,0.532608695652174,0.0,0.0,0.25,0.0
193,Colombia,Boyaca,41.801418439716315,0.4397163120567376,0.0,0.0,0.25,0.0
194,Colombia,Buenaventura DE,42.576719576719576,0.6190476190476191,0.0,0.0,0.25,0.0
195,Colombia,Caldas,41.10077519379845,0.4108527131782946,0.0,0.0,0.25,0.0
196,Colombia,Caqueta,34.473684210526315,0.5789473684210527,0.0,0.0,0.25,0.0
197,Colombia,Cartagena,53.5,0.5,0.0,0.0,0.25,0.0
198,Colombia,Cartagena DT y C,41.125145518044235,0.5436554132712457,0.0,0.0,0.25,0.0
199,Colombia,Casanare,38.18518518518518,0.5925925925925926,0.0,0.0,0.25,0.0
200,Colombia,Cauca,41.528301886792455,0.5094339622641509,0.0,0.0,0.25,0.0
201,Colombia,Cesar,38.723636363636366,0.46545454545454545,0.0,0.0,0.25,0.0
202,Colombia,Choco,36.86,0.508,0.0,0.0,0.25,0.0
203,Colombia,Cordoba,41.23972602739726,0.4041095890410959,0.0,0.0,0.25,0.0
204,Colombia,Cundinamarca,37.325524044389645,0.5166461159062885,0.0,0.0,0.25,0.0
205,Colombia,Guainia,41.0,0.6666666666666666,0.0,0.0,0.25,0.0
206,Colombia,Huila,41.95238095238095,0.5238095238095238,0.0,0.0,0.25,0.0
207,Colombia,La Guajira,38.14754098360656,0.5901639344262295,0.0,0.0,0.25,0.0
208,Colombia,Magdalena,42.05194805194805,0.5324675324675324,0.0,0.0,0.25,0.0
209,Colombia,Meta,38.05135135135135,0.8702702702702703,0.0,0.0,0.25,0.0
210,Colombia,Narino,40.12044534412956,0.5080971659919028,0.0,0.0,0.25,0.0
211,Colombia,Norte de Santander,40.8421052631579,0.5578947368421052,0.0,0.0,0.25,0.0
212,Colombia,Putumayo,45.875,0.5,0.0,0.0,0.25,0.0
213,Colombia,Quindio,42.69662921348315,0.5617977528089888,0.0,0.0,0.25,0.0
214,Colombia,Risaralda,37.7258883248731,0.47715736040609136,0.0,0.0,0.25,0.0
215,Colombia,Santa Marta,53.5,0.5,0.0,0.0,0.25,0.0
216,Colombia,Santa Marta DT y C,42.140221402214024,0.4797047970479705,0.0,0.0,0.25,0.0
217,Colombia,Santander,45.67256637168141,0.5132743362831859,0.0,0.0,0.25,0.0
218,Colombia,Sucre,40.6,0.5,0.0,0.0,0.25,0.0
219,Colombia,Tolima,36.404371584699454,0.6502732240437158,0.0,0.0,0.25,0.0
220,Colombia,Valle,44.642857142857146,0.5714285714285714,0.0,0.0,0.25,0.0
221,Colombia,Valle del Cauca,42.34485981308411,0.5051401869158878,0.0,0.0,0.25,0.0
222,Colombia,Vaupes,34.666666666666664,0.8333333333333334,0.0,0.0,0.25,0.0
223,Colombia,Vichada,20.0,1.0,0.0,0.0,0.25,0.0
224,Cuba,Artemisa,46.125,0.5,0.0,0.0,0.25,0.0
225,Cuba,Banes,59.0,0.0,0.0,0.0,0.25,0.0
226,Cuba,Baraguá,51.0,0.0,0.0,0.0,0.25,0.0
227,Cuba,Bauta,40.333333333333336,0.3333333333333333,0.0,0.0,0.25,0.0
228,Cuba,Boyeros,36.0,0.0,0.0,0.0,0.25,0.0
229,Cuba,Cabaiguán,44.142857142857146,0.8571428571428571,0.0,0.0,0.25,0.0
230,Cuba,Camaguey,55.25,0.75,0.0,0.0,0.25,0.0
231,Cuba,Camagüey,38.2,0.52,0.0,0.0,0.25,0.0
232,Cuba,Camajuaní,12.5,0.5,0.0,0.0,0.25,0.0
233,Cuba,Cerro,55.25,0.5,0.0,0.0,0.25,0.0
234,Cuba,Ciego de Avila,55.857142857142854,0.5714285714285714,0.0,0.0,0.25,0.0
235,Cuba,Ciego de Ávila,39.46153846153846,0.4358974358974359,0.0,0.0,0.25,0.0
236,Cuba,Cienfuegos,39.125,0.5,0.0,0.0,0.25,0.0
237,Cuba,Contramaestre,20.0,0.0,0.0,0.0,0.25,0.0
238,Cuba,Cotorro,59.0,0.0,0.0,0.0,0.25,0.0
239,Cuba,Diez de Octubre,21.0,1.0,0.0,0.0,0.25,0.0
240,Cuba,Esmeralda,31.0,0.0,0.0,0.0,0.25,0.0
241,Cuba,Florencia,42.22222222222222,0.4444444444444444,0.0,0.0,0.25,0.0
242,Cuba,Florida,59.0,1.0,0.0,0.0,0.25,0.0
243,Cuba,Gibara,46.0,0.6666666666666666,0.0,0.0,0.25,0.0
244,Cuba,Granma,35.714285714285715,0.8571428571428571,0.0,0.0,0.25,0.0
245,Cuba,Guanabacoa,53.5,0.5,0.0,0.0,0.25,0.0
246,Cuba,Guantanamo,51.142857142857146,0.7142857142857143,0.0,0.0,0.25,0.0
247,Cuba,Guantánamo,31.8,0.4,0.0,0.0,0.25,0.0
248,Cuba,Habana Vieja,32.0,1.0,0.0,0.0,0.25,0.0
249,Cuba,Havana,46.09782608695652,0.5126811594202898,0.0,0.0,0.24954710144927536,0.0004528985507246377
250,Cuba,Hoguin,57.0,1.0,0.0,0.0,0.25,0.0
251,Cuba,Holguin,46.1578947368421,0.5263157894736842,0.0,0.0,0.25,0.0
252,Cuba,Holguín,45.225,0.625,0.0,0.0,0.25,0.0
253,Cuba,Isla de la Juventud,43.3,0.7,0.0,0.0,0.25,0.0
254,Cuba,Isle of Youth,51.57142857142857,0.2857142857142857,0.0,0.0,0.25,0.0
255,Cuba,Las Tunas,50.0,0.5,0.0,0.0,0.25,0.0
256,Cuba,Marianao,10.0,0.0,0.0,0.0,0.25,0.0
257,Cuba,Matanzas,45.875,0.45,0.0,0.0,0.25,0.0
258,Cuba,Mayabeque,34.0,0.48,0.0,0.0,0.25,0.0
259,Cuba,Morón,45.0,1.0,0.0,0.0,0.25,0.0
260,Cuba,Pinar del Rio,29.714285714285715,0.2857142857142857,0.0,0.0,0.25,0.0
261,Cuba,Pinar del Río,36.458333333333336,0.625,0.0,0.0,0.25,0.0
262,Cuba,Placeta,56.0,0.0,0.0,0.0,0.25,0.0
263,Cuba,Playa,45.0,0.3333333333333333,0.0,0.0,0.25,0.0
264,Cuba,San Cristóbal,25.0,0.0,0.0,0.0,0.25,0.0
265,Cuba,San Miguel del Padrón,37.0,1.0,0.0,0.0,0.25,0.0
266,Cuba,Sancti Spiritu,54.0,1.0,0.0,0.0,0.25,0.0
267,Cuba,Sancti Spiritus,50.0,0.2,0.0,0.0,0.25,0.0
268,Cuba,Sancti Spirítus,38.0,0.0,0.0,0.0,0.25,0.0
269,Cuba,Sancti Spíritus,38.875,0.53125,0.0,0.0,0.25,0.0
270,Cuba,Santa Clara,25.6,0.2,0.0,0.0,0.25,0.0
271,Cuba,Santiago de Cuba,38.9375,0.625,0.0,0.0,0.25,0.0
272,Cuba,Special,42.333333333333336,0.6666666666666666,0.0,0.0,0.25,0.0
273,Cuba,Venezuela,18.0,1.0,0.0,0.0,0.25,0.0
274,Cuba,Villa Clara,47.30232558139535,0.4728682170542636,0.0,0.0,0.25,0.0
275,Cuba,province of Havana,28.0,1.0,0.0,0.0,0.25,0.0
276,Czech Republic,Central Bohemian Region,43.52140672782875,0.4740061162079511,0.0,0.0,0.25,0.0
277,Czech Republic,Hradec Kralove,41.5,0.4420289855072464,0.0,0.0,0.25,0.0
278,Czech Republic,Hradec Kralove Region,56.0,1.0,0.0,0.0,0.25,0.0
279,Czech Republic,Karlovy Vary,48.935374149659864,0.47619047619047616,0.0,0.0,0.25,0.0
280,Czech Republic,Karlovy Vary Region,42.857142857142854,0.6428571428571429,0.0,0.0,0.25,0.0
281,Czech Republic,Liberec,47.0650406504065,0.5040650406504065,0.0,0.0,0.25,0.0
282,Czech Republic,Liberec Region,34.0,1.0,0.0,0.0,0.25,0.0
283,Czech Republic,Moravian-Silesian Region,47.64148936170213,0.5180851063829788,0.0,0.0,0.25,0.0
284,Czech Republic,Olomouc,44.05760368663594,0.49078341013824883,0.0,0.0,0.25,0.0
285,Czech Republic,Olomouc Region,48.0,0.42857142857142855,0.0,0.0,0.25,0.0
286,Czech Republic,Pardubice,44.99484536082474,0.4896907216494845,0.0,0.0,0.25,0.0
287,Czech Republic,Pardubice Region,33.666666666666664,0.3333333333333333,0.0,0.0,0.25,0.0
288,Czech Republic,Plzen,46.366336633663366,0.5024752475247525,0.0,0.0,0.25,0.0
289,Czech Republic,Plzen Region,50.36842105263158,0.5263157894736842,0.0,0.0,0.25,0.0
290,Czech Republic,Prague,45.63183673469388,0.5126530612244898,0.0,0.0,0.25,0.0
291,Czech Republic,South Bohemian Region,46.577235772357724,0.42276422764227645,0.0,0.0,0.25,0.0
292,Czech Republic,South Moravian Region,44.391644908616186,0.4804177545691906,0.0,0.0,0.25,0.0
293,Czech Republic,Usti nad Labem,47.84431137724551,0.44610778443113774,0.0,0.0,0.25,0.0
294,Czech Republic,Usti nad Labem Region,50.65,0.45,0.0,0.0,0.25,0.0
295,Czech Republic,Vysocina,43.55038759689923,0.4806201550387597,0.0,0.0,0.25,0.0
296,Czech Republic,Vysocina Region,42.25,0.25,0.0,0.0,0.25,0.0
297,Czech Republic,Zlin,44.04405286343612,0.4889867841409692,0.0,0.0,0.25,0.0
298,Czech Republic,Zlin Region,36.8235294117647,0.47058823529411764,0.0,0.0,0.25,0.0
299,Denmark,Capital Region,40.42857142857143,0.7142857142857143,0.0,0.0,0.25,0.0
300,Denmark,Central Region,31.5,1.0,0.0,0.0,0.25,0.0
301,Denmark,Northern Region,67.0,0.0,0.0,0.0,0.25,0.0
302,Denmark,Southern Region,35.2,0.8,0.0,0.0,0.25,0.0
303,Denmark,Zealand,39.8,0.8,0.0,0.0,0.25,0.0
304,Ecuador,Azuay,42.0,0.6,0.0,0.0,0.25,0.0
305,Ecuador,Bolivar,29.8,0.8,0.0,0.0,0.25,0.0
306,Ecuador,Canar,38.75,0.75,0.0,0.0,0.25,0.0
307,Ecuador,Carchi,40.0,1.0,0.0,0.0,0.25,0.0
308,Ecuador,Chimborazo,23.0,1.0,0.0,0.0,0.25,0.0
309,Ecuador,Cotopaxi,23.0,1.0,0.0,0.0,0.25,0.0
310,Ecuador,El Oro,37.375,0.625,0.0,0.0,0.25,0.0
311,Ecuador,Esmeraldas,67.0,0.0,0.0,0.0,0.25,0.0
312,Ecuador,Galapagos,53.5,0.5,0.0,0.0,0.25,0.0
313,Ecuador,Guayas,48.870370370370374,0.42592592592592593,0.0,0.0,0.25,0.0
314,Ecuador,Imbabura,52.333333333333336,0.3333333333333333,0.0,0.0,0.25,0.0
315,Ecuador,Loja,45.0,0.5,0.0,0.0,0.25,0.0
316,Ecuador,Los Rios,47.4,0.5,0.0,0.0,0.25,0.0
317,Ecuador,Manabi,56.2,0.4,0.0,0.0,0.25,0.0
318,Ecuador,Morona Santiago,74.66666666666667,0.0,0.0,0.0,0.25,0.0
319,Ecuador,Pastaza,90.0,0.0,0.0,0.0,0.25,0.0
320,Ecuador,Pichincha,37.666666666666664,0.6666666666666666,0.0,0.0,0.25,0.0
321,Ecuador,Santa Elena,50.8,0.4,0.0,0.0,0.25,0.0
322,Ecuador,Sucumbios,45.375,0.5,0.0,0.0,0.25,0.0
323,Ecuador,azuay,41.25,0.5,0.0,0.0,0.25,0.0
324,Ecuador,bolivar,42.5625,0.625,0.0,0.0,0.25,0.0
325,Ecuador,canar,43.7037037037037,0.5925925925925926,0.0,0.0,0.25,0.0
326,Ecuador,carchi,54.23076923076923,0.3076923076923077,0.0,0.0,0.25,0.0
327,Ecuador,chimborazo,43.90625,0.625,0.0,0.0,0.25,0.0
328,Ecuador,cotopaxi,45.88235294117647,0.5882352941176471,0.0,0.0,0.25,0.0
329,Ecuador,el oro,45.680851063829785,0.5531914893617021,0.0,0.0,0.25,0.0
330,Ecuador,esmeraldas,37.888888888888886,0.6666666666666666,0.0,0.0,0.25,0.0
331,Ecuador,galapagos,67.0,0.0,0.0,0.0,0.25,0.0
332,Ecuador,guayas,46.83720930232558,0.5658914728682171,0.0,0.0,0.25,0.0
333,Ecuador,imbabura,47.2,0.5,0.0,0.0,0.25,0.0
334,Ecuador,loja,47.5625,0.4375,0.0,0.0,0.25,0.0
335,Ecuador,los rios,45.52173913043478,0.43478260869565216,0.0,0.0,0.25,0.0
336,Ecuador,manabi,42.0,0.6,0.0,0.0,0.25,0.0
337,Ecuador,morona santiago,44.625,0.25,0.0,0.0,0.25,0.0
338,Ecuador,napo,35.6,0.8,0.0,0.0,0.25,0.0
339,Ecuador,orellana,60.25,0.25,0.0,0.0,0.25,0.0
340,Ecuador,pastaza,54.857142857142854,0.2857142857142857,0.0,0.0,0.25,0.0
341,Ecuador,pichincha,45.206896551724135,0.6206896551724138,0.0,0.0,0.25,0.0
342,Ecuador,santa elena,41.65217391304348,0.5217391304347826,0.0,0.0,0.25,0.0
343,Ecuador,santo domingo tsachilas,51.8125,0.5,0.0,0.0,0.25,0.0
344,Ecuador,sucumbios,40.0,0.0,0.0,0.0,0.25,0.0
345,Ecuador,tungurahua,46.125,0.625,0.0,0.0,0.25,0.0
346,Ecuador,zamora chinchipe,47.833333333333336,0.5,0.0,0.0,0.25,0.0
347,Estonia,Harju,48.28157894736842,0.4631578947368421,0.0,0.0,0.25,0.0
348,Estonia,Hiiu,46.375,0.75,0.0,0.0,0.25,0.0
349,Estonia,Ida-Viru,48.04938271604938,0.41975308641975306,0.0,0.0,0.25,0.0
350,Estonia,Jarva,48.18181818181818,0.6363636363636364,0.0,0.0,0.25,0.0
351,Estonia,Jogeva,46.0,0.6,0.0,0.0,0.25,0.0
352,Estonia,Laane,53.25,0.625,0.0,0.0,0.25,0.0
353,Estonia,Laane-Viru,50.46153846153846,0.5384615384615384,0.0,0.0,0.25,0.0
354,Estonia,Parnu,54.66,0.4,0.0,0.0,0.25,0.0
355,Estonia,Polva,42.0,0.3333333333333333,0.0,0.0,0.25,0.0
356,Estonia,Rapla,57.21052631578947,0.5263157894736842,0.0,0.0,0.25,0.0
357,Estonia,Saare,55.36078431372549,0.45098039215686275,0.0,0.0,0.25,0.0
358,Estonia,Tartu,48.390625,0.46875,0.0,0.0,0.25,0.0
359,Estonia,Valga,52.714285714285715,0.42857142857142855,0.0,0.0,0.25,0.0
360,Estonia,Viljandi,55.285714285714285,0.5,0.0,0.0,0.25,0.0
361,Estonia,Voru,48.31578947368421,0.5087719298245614,0.0,0.0,0.25,0.0
362,Ethiopia,Addis Ababa,36.654761904761905,0.6547619047619048,0.22321428571428573,0.0,0.023809523809523808,0.002976190476190476
363,Ethiopia,Afar,29.9,1.0,0.25,0.0,0.0,0.0
364,Ethiopia,Amhara,36.5,0.6666666666666666,0.16666666666666666,0.0,0.08333333333333333,0.0
365,Ethiopia,Dire Dawa,22.125,0.875,0.21875,0.0,0.03125,0.0
366,Ethiopia,Oromia,35.5,0.6,0.2,0.0,0.05,0.0
367,Ethiopia,SNNPR,45.0,0.0,0.25,0.0,0.0,0.0
368,Ethiopia,Somali,26.714285714285715,1.0,0.25,0.0,0.0,0.0
369,Finland,Aland Hospital District,46.6,0.8,0.0,0.0,0.25,0.0
370,Finland,Central Finland Hospital District,46.30769230769231,0.5769230769230769,0.0,0.0,0.25,0.0
371,Finland,Central Ostrobothnia Hospital District,41.18181818181818,0.6363636363636364,0.0,0.0,0.25,0.0
372,Finland,Etela-Savo Hospital District,42.5,0.5,0.0,0.0,0.25,0.0
373,Finland,Helsinki and Uusimaa Hospital District,50.592592592592595,0.5185185185185185,0.0,0.0,0.25,0.0
374,Finland,Ita-Savo Hospital District,34.333333333333336,1.0,0.0,0.0,0.25,0.0
375,Finland,Kainuu Hospital District,46.63636363636363,0.5454545454545454,0.0,0.0,0.25,0.0
376,Finland,Kanta-Hame Hospital District,43.34782608695652,0.6521739130434783,0.0,0.0,0.25,0.0
377,Finland,Kymenlaakso Hospital District,41.111111111111114,0.6666666666666666,0.0,0.0,0.25,0.0
378,Finland,Lansi-Pohja Hospital District,43.166666666666664,0.6666666666666666,0.0,0.0,0.25,0.0
379,Finland,Lapland,32.0,0.0,0.0,0.0,0.25,0.0
380,Finland,Lappi Hospital District,48.3125,0.4375,0.0,0.0,0.25,0.0
381,Finland,North Karelia Hospital District,38.666666666666664,0.6666666666666666,0.0,0.0,0.25,0.0
382,Finland,North Ostrobothnia Hospital District,55.63636363636363,0.45454545454545453,0.0,0.0,0.25,0.0
383,Finland,Paijat-Hame Hospital District,37.875,0.6666666666666666,0.0,0.0,0.25,0.0
384,Finland,Pirkanmaa Hospital District,41.0,0.5428571428571428,0.0,0.0,0.25,0.0
385,Finland,Pohjois-Savo Hospital District,49.0,0.45454545454545453,0.0,0.0,0.25,0.0
386,Finland,Satakunta Hospital District,48.0,0.42857142857142855,0.0,0.0,0.25,0.0
387,Finland,South Karelia Hospital District,59.666666666666664,0.16666666666666666,0.0,0.0,0.25,0.0
388,Finland,South Ostrobothnia Hospital District,50.92857142857143,0.5714285714285714,0.0,0.0,0.25,0.0
389,Finland,Vaasa Hospital District,56.733333333333334,0.4,0.0,0.0,0.25,0.0
390,Finland,Varsinais-Suomi Hospital District,45.75,0.53125,0.0,0.0,0.25,0.0
391,France,Auvergne-Rhone-Alpes,43.44444444444444,0.5555555555555556,0.05555555555555555,0.0,0.19444444444444445,0.0
392,France,Bourgogne-Franche-Comte,44.111111111111114,0.6666666666666666,0.0,0.0,0.25,0.0
393,France,Bretagne,57.0,0.5,0.0,0.0,0.25,0.0
394,France,Brittany,44.5,1.0,0.0,0.0,0.1875,0.0625
395,France,Centre-Val de Loire,40.0,0.75,0.0,0.0,0.25,0.0
396,France,Corse,37.5,0.5,0.0,0.0,0.25,0.0
397,France,Corsica,58.0,0.3333333333333333,0.0,0.0,0.25,0.0
398,France,Grand Est,49.23076923076923,0.5384615384615384,0.0,0.0,0.25,0.0
399,France,Guadeloupe,49.0,0.6666666666666666,0.0,0.0,0.25,0.0
400,France,Hauts-de-France,45.7,0.5,0.0,0.0,0.25,0.0
401,France,Ile-de-France,43.0,0.5294117647058824,0.029411764705882353,0.0,0.19117647058823528,0.029411764705882353
402,France,Martinique,55.0,0.3333333333333333,0.0,0.0,0.25,0.0
403,France,Mayotte,52.333333333333336,0.3333333333333333,0.0,0.0,0.25,0.0
404,France,Normandie,35.75,0.5,0.0,0.0,0.25,0.0
405,France,Normandy,8.0,1.0,0.0,0.0,0.25,0.0
406,France,Nouvelle-Aquitaine,54.785714285714285,0.35714285714285715,0.0,0.0,0.25,0.0
407,France,Occitanie,43.86666666666667,0.6,0.0,0.0,0.25,0.0
408,France,Pays de la Loire,58.857142857142854,0.2857142857142857,0.0,0.0,0.25,0.0
409,France,Provence-Alpes-Cote d'Azur,58.714285714285715,0.2857142857142857,0.0,0.0,0.25,0.0
410,France,Provence-Alpes-Cote d’Azur,45.0,0.5,0.0,0.0,0.25,0.0
411,France,Saint-Martin,67.0,0.0,0.0,0.0,0.25,0.0
412,Germany,Baden-Wurttemberg,49.21212476547842,0.4920262664165103,0.0,0.0,0.25,0.0
413,Germany,Bavaria,46.86,0.52,0.005,0.0,0.245,0.0
414,Germany,Bayern,47.85315524274174,0.4932416220107174,0.0,0.0,0.25,0.0
415,Germany,Berlin,45.35732538330494,0.4957410562180579,0.0,0.0,0.25,0.0
416,Germany,Brandenburg,48.625391849529784,0.49059561128526646,0.0,0.0,0.25,0.0
417,Germany,Bremen,43.59299191374663,0.5013477088948787,0.0,0.0,0.25,0.0
418,Germany,Hamburg,45.828402366863905,0.4881656804733728,0.0,0.0,0.25,0.0
419,Germany,Hesse,36.22222222222222,0.5555555555555556,0.0,0.0,0.25,0.0
420,Germany,Hessen,47.18964053212567,0.5015567506368526,0.0,0.0,0.25,0.0
421,Germany,Lower Saxony,42.6,0.4,0.0,0.0,0.25,0.0
422,Germany,Mecklenburg-Vorpommern,46.69230769230769,0.5039787798408488,0.0,0.0,0.25,0.0
423,Germany,Niedersachsen,47.77506708953403,0.49353500853866794,0.0,0.0,0.25,0.0
424,Germany,Nordrhein-Westfalen,47.60389923752533,0.4947398899720104,0.0,0.0,0.25,0.0
425,Germany,Rheinland-Pfalz,46.69387064002709,0.48730104977988487,0.0,0.0,0.25,0.0
426,Germany,Rhineland-Palatinate,44.5,0.5,0.05,0.0,0.2,0.0
427,Germany,Saarland,49.45704467353952,0.48109965635738833,0.0,0.0,0.25,0.0
428,Germany,Sachsen,48.47710976282405,0.4627688913403199,0.0,0.0,0.25,0.0
429,Germany,Sachsen-Anhalt,49.59313725490196,0.4571078431372549,0.0,0.0,0.25,0.0
430,Germany,Saxony,45.0,1.0,0.0,0.0,0.25,0.0
431,Germany,Saxony-Anhalt,78.5,0.0,0.0,0.0,0.25,0.0
432,Germany,Schleswig-Holstein,48.66469321851453,0.49031216361679225,0.0,0.0,0.25,0.0
433,Germany,Thuringen,50.93564356435643,0.4596888260254597,0.0,0.0,0.25,0.0
434,Germany,Thuringia,62.0,0.5,0.0,0.0,0.25,0.0
435,Ghana,Ashanti Region,53.5,0.5,0.0,0.25,0.0,0.0
436,Ghana,Greater Accra Region,47.5,0.4375,0.0,0.25,0.0,0.0
437,Ghana,Northern Region,38.6,0.6,0.0,0.25,0.0,0.0
438,Ghana,Upper West Region,42.0,1.0,0.0,0.25,0.0,0.0
439,Greece,Attica Prefecture,40.0,0.0,0.0,0.0,0.25,0.0
440,Greece,Macedonia,30.5,0.5,0.0,0.0,0.25,0.0
441,Guatemala,Chimaltenango,36.57142857142857,0.5714285714285714,0.0,0.0,0.25,0.0
442,Guatemala,Guatemala,27.0,1.0,0.0,0.0,0.25,0.0
443,Guatemala,Guatemala City,39.74193548387097,0.45161290322580644,0.0,0.0,0.25,0.0
444,Guatemala,Quetzaltenango,29.0,1.0,0.0,0.0,0.25,0.0
445,Guatemala,Sacatepequez,35.666666666666664,0.6666666666666666,0.0,0.0,0.25,0.0
446,Guatemala,Santa Rosa,43.0,0.0,0.0,0.0,0.25,0.0
447,Guatemala,Suchitepequez,31.0,1.0,0.0,0.0,0.25,0.0
448,Iceland,Capital Region,61.333333333333336,0.3333333333333333,0.0,0.0,0.25,0.0
449,India,Andaman and Nicobar Islands,45.56363636363636,0.5454545454545454,0.15,0.1,0.0,0.0
450,India,Andhra Pradesh,44.742715530189244,0.5609792730549714,0.09432261940522679,0.15436317212376088,0.0,0.001314208471012316
451,India,Arunachal Pradesh,44.861111111111114,0.5833333333333334,0.0,0.25,0.0,0.0
452,India,Assam,44.515723270440255,0.5477415666094911,0.02715837621497999,0.22226986849628358,0.0,0.0005717552887364208
453,India,Bihar,36.496538081107815,0.7362347510715463,0.07575008242664029,0.17334322453016815,0.0,0.0009066930431915595
454,India,Chandigarh,40.40963855421687,0.5100401606425703,0.09889558232931726,0.14909638554216867,0.0,0.002008032128514056
455,India,Chhattisgarh,46.47532894736842,0.5361842105263158,0.039884868421052634,0.20970394736842105,0.0,0.00041118421052631577
456,India,Dadra and Nagar Haveli and Daman and Diu,51.0,0.3333333333333333,0.08333333333333333,0.16666666666666666,0.0,0.0
457,India,Delhi,45.02210948479759,0.5539711376958146,0.06745963733589277,0.17851266582113598,0.0,0.0040276968429712404
458,India,Goa,42.85454545454545,0.6181818181818182,0.08409090909090909,0.16590909090909092,0.0,0.0
459,India,Gujarat,45.224723027994266,0.5635200782860937,0.09147939747667144,0.1505172474050257,0.0,0.00800335511830287
460,India,Haryana,45.135723039215684,0.5563725490196079,0.06701899509803921,0.18152573529411764,7.659313725490196e-05,0.0013786764705882354
461,India,Himachal Pradesh,44.63774403470716,0.5488069414316703,0.05314533622559653,0.19414316702819956,0.0,0.0027114967462039045
462,India,Jammu and Kashmir,45.3825327510917,0.548471615720524,0.058879184861717615,0.18922852983988356,0.0,0.0018922852983988354
463,India,Jharkhand,44.75,0.5455426356589147,0.06807170542635659,0.1814437984496124,0.0,0.00048449612403100775
464,India,Karnataka,35.32441835181561,0.5957816916721026,0.06626440530550119,0.18128941074146554,0.0,0.002446183953033268
465,India,Kerala,43.419139915202905,0.5857056329497274,0.049061175045427015,0.1994245911568746,0.0,0.0015142337976983646
466,India,Ladakh,43.00925925925926,0.5740740740740741,0.07175925925925926,0.17824074074074073,0.0,0.0
467,India,Madhya Pradesh,45.07130999094476,0.5506338665861756,0.088703591910655,0.15641035315424087,0.0,0.0048860549351041355
468,India,Maharashtra,45.12027413979252,0.5493686335257945,0.07571703515936723,0.16933530488663567,0.0,0.00494765995399709
469,India,Manipur,39.611111111111114,0.5111111111111111,0.027777777777777776,0.2222222222222222,0.0,0.0
470,India,Meghalaya,46.51282051282051,0.5641025641025641,0.07692307692307693,0.17307692307692307,0.0,0.0
471,India,Mizoram,36.5,1.0,0.125,0.125,0.0,0.0
472,India,Nagaland,46.372093023255815,0.5581395348837209,0.0,0.25,0.0,0.0
473,India,Odisha,43.862886288628864,0.588058805880588,0.09128412841284128,0.15796579657965795,0.0,0.00075007500750075
474,India,Puducherry,41.583333333333336,0.5416666666666666,0.0546875,0.1953125,0.0,0.0
475,India,Punjab,45.831159757801586,0.5333022822543083,0.1118421052631579,0.13641127154168609,0.0,0.0017466231951560316
476,India,Rajasthan,45.000734655713615,0.5556668670273158,0.09537166900420757,0.15192346223201764,3.339344152808389e-05,0.0026714753222467106
477,India,Sikkim,67.0,0.0,0.0,0.25,0.0,0.0
478,India,State Unassigned,45.59111900532859,0.5419182948490231,0.0,0.25,0.0,0.0
479,India,Tamil Nadu,41.0710648599015,0.5925317899774618,0.08490080414034892,0.1639583739113498,0.0,0.0011408219483012884
480,India,Telangana,44.67080129000248,0.5601587695360952,0.07293475564376085,0.17303398660382038,6.201935003721161e-05,0.003969238402381543
481,India,Tripura,44.542345276872965,0.5716612377850163,0.07043973941368079,0.17956026058631921,0.0,0.0
482,India,Uttar Pradesh,45.25671441360788,0.5475977320202925,0.08719412115786332,0.159001044464339,1.8651148910772905e-05,0.0037861832288868993
483,India,Uttarakhand,44.60505529225908,0.5529225908372828,0.045023696682464455,0.2037914691943128,0.0,0.001184834123222749
484,India,West Bengal,45.41448202959831,0.5471458773784356,0.06400634249471458,0.17433932346723044,0.0,0.011654334038054968
485,Iran,Alborz,27.833333333333332,0.8333333333333334,0.0,0.0,0.25,0.0
486,Iran,Ardebil,23.666666666666668,0.6666666666666666,0.0,0.0,0.25,0.0
487,Iran,Bushehr,90.0,0.0,0.0,0.0,0.25,0.0
488,Iran,East Azarbaijan,42.5,0.25,0.0,0.0,0.25,0.0
489,Iran,Esfahan,45.0,0.5,0.0,0.0,0.25,0.0
490,Iran,Fars,40.0,0.8333333333333334,0.0,0.0,0.25,0.0
491,Iran,Gilan,56.857142857142854,0.2857142857142857,0.0,0.0,0.25,0.0
492,Iran,Golestan,40.0,1.0,0.0,0.0,0.25,0.0
493,Iran,Hamadan,23.666666666666668,1.0,0.0,0.0,0.25,0.0
494,Iran,Hormozgan,31.5,1.0,0.0,0.0,0.25,0.0
495,Iran,Ilam,23.0,1.0,0.0,0.0,0.25,0.0
496,Iran,Kerman,40.0,1.0,0.0,0.0,0.25,0.0
497,Iran,Kermanshah,53.5,0.0,0.0,0.0,0.25,0.0
498,Iran,Khuzestan,49.0,0.3333333333333333,0.0,0.0,0.25,0.0
499,Iran,Kordestan,49.25,0.25,0.0,0.0,0.25,0.0
500,Iran,Lorestan,42.5,0.75,0.0,0.0,0.25,0.0
501,Iran,Markazi,42.5,0.75,0.0,0.0,0.25,0.0
502,Iran,Mazandaran,42.5,0.75,0.0,0.0,0.25,0.0
503,Iran,North Khorasan,40.0,0.0,0.0,0.0,0.25,0.0
504,Iran,Qazvin,44.5,0.75,0.0,0.0,0.25,0.0
505,Iran,Qom,41.5,0.6428571428571429,0.0,0.0,0.17857142857142858,0.07142857142857142
506,Iran,Razavi Khorasan,58.0,0.3333333333333333,0.0,0.0,0.25,0.0
507,Iran,Semnan,31.5,0.5,0.0,0.0,0.25,0.0
508,Iran,Sistan and Baluchestan,42.5,0.75,0.0,0.0,0.25,0.0
509,Iran,South Khorasan,23.0,1.0,0.0,0.0,0.25,0.0
510,Iran,Tehran,32.0,0.7142857142857143,0.0,0.0,0.25,0.0
511,Iran,West Azarbaijan,23.0,1.0,0.0,0.0,0.25,0.0
512,Iran,Yazd,23.0,1.0,0.0,0.0,0.25,0.0
513,Iran,Zanjan,45.0,0.5,0.0,0.0,0.25,0.0
514,Iraq,Karbala,67.0,0.0,0.0,0.0,0.25,0.0
515,Iraq,Maysan,23.0,1.0,0.0,0.0,0.25,0.0
516,Iraq,Najaf,52.333333333333336,0.6666666666666666,0.0,0.0,0.25,0.0
517,Italy,Abruzzo,44.411764705882355,0.5378151260504201,0.0,0.0,0.25,0.0
518,Italy,Basilicata,46.97560975609756,0.5365853658536586,0.0,0.0,0.25,0.0
519,Italy,Calabria,44.90291262135922,0.6019417475728155,0.0,0.0,0.25,0.0
520,Italy,Campania,46.45454545454545,0.5056818181818182,0.0,0.0,0.25,0.0
521,Italy,Emilia-Romagna,45.19466666666667,0.52,0.0006666666666666666,0.0,0.24933333333333332,0.0
522,Italy,Friuli Venezia Giulia,45.33540372670807,0.5093167701863354,0.0,0.0,0.25,0.0
523,Italy,Lazio,42.92613636363637,0.5909090909090909,0.002840909090909091,0.0,0.2471590909090909,0.0
524,Italy,Liguria,46.76712328767123,0.5068493150684932,0.0,0.0,0.25,0.0
525,Italy,Lombardia,43.85664335664335,0.5524475524475524,0.0,0.0,0.2491258741258741,0.0008741258741258741
526,Italy,Marche,41.45,0.6277777777777778,0.0,0.0,0.25,0.0
527,Italy,Molise,51.583333333333336,0.3611111111111111,0.0,0.0,0.25,0.0
528,Italy,P.A. Bolzano,50.0,0.4,0.0,0.0,0.25,0.0
529,Italy,P.A. Trento,41.44,0.64,0.0,0.0,0.25,0.0
530,Italy,Piemonte,46.285714285714285,0.5070028011204482,0.0,0.0,0.25,0.0
531,Italy,Puglia,44.71078431372549,0.5588235294117647,0.0,0.0,0.25,0.0
532,Italy,Sardegna,47.57142857142857,0.45918367346938777,0.0,0.0,0.25,0.0
533,Italy,Sicilia,44.0042194092827,0.5611814345991561,0.0,0.0,0.25,0.0
534,Italy,Sicily,23.0,1.0,0.0,0.0,0.25,0.0
535,Italy,Toscana,44.69146005509642,0.5482093663911846,0.0,0.0,0.25,0.0
536,Italy,Trentino-Alto Adige,40.0,1.0,0.0,0.0,0.25,0.0
537,Italy,Umbria,45.03448275862069,0.5344827586206896,0.0,0.0,0.25,0.0
538,Italy,Valle d'Aosta,46.10526315789474,0.5,0.0,0.0,0.25,0.0
539,Italy,Veneto,44.32517482517483,0.6083916083916084,0.0008741258741258741,0.0,0.24825174825174826,0.0008741258741258741
540,Japan,Aichi Prefecture,68.1025641025641,0.5384615384615384,0.0,0.0,0.25,0.0
541,Japan,Akita,32.0,0.5,0.0,0.0,0.25,0.0
542,Japan,Chiba Prefecture,49.714285714285715,0.5714285714285714,0.0,0.0,0.25,0.0
543,Japan,Ehime,39.0,0.0,0.0,0.0,0.25,0.0
544,Japan,Gifu,54.0,0.5,0.0,0.0,0.25,0.0
545,Japan,Hokkaido,49.30357142857143,0.6071428571428571,0.0,0.0,0.24107142857142858,0.008928571428571428
546,Japan,Hyogo,44.0,0.5,0.0,0.0,0.25,0.0
547,Japan,Ishikawa,54.0,1.0,0.0,0.0,0.25,0.0
548,Japan,Kanagawa Prefecture,49.459016393442624,0.5573770491803278,0.0,0.0,0.24180327868852458,0.00819672131147541
549,Japan,Kochi,48.5,0.375,0.0,0.0,0.25,0.0
550,Japan,Kumamoto,46.5,0.5,0.0,0.0,0.25,0.0
551,Japan,Kyoto,50.666666666666664,0.3333333333333333,0.0,0.0,0.25,0.0
552,Japan,Kyoto Prefecture,38.0,0.6,0.0,0.0,0.25,0.0
553,Japan,Mie,54.0,1.0,0.0,0.0,0.25,0.0
554,Japan,Miyagi,74.0,1.0,0.0,0.0,0.25,0.0
555,Japan,Miyazaki,74.0,1.0,0.0,0.0,0.25,0.0
556,Japan,Nagano,54.0,0.0,0.0,0.0,0.25,0.0
557,Japan,Nara Prefecture,64.0,1.0,0.0,0.0,0.25,0.0
558,Japan,Niigata,54.0,0.3333333333333333,0.0,0.0,0.25,0.0
559,Japan,Oita,34.0,0.0,0.0,0.0,0.25,0.0
560,Japan,Okinawa,60.0,0.0,0.0,0.0,0.25,0.0
561,Japan,Osaka,49.666666666666664,0.375,0.0,0.0,0.25,0.0
562,Japan,Saitama,39.2,0.6,0.0,0.0,0.25,0.0
563,Japan,Shiga,64.0,1.0,0.0,0.0,0.25,0.0
564,Japan,Shizuoka,64.0,1.0,0.0,0.0,0.25,0.0
565,Japan,Togichi,34.0,0.0,0.0,0.0,0.25,0.0
566,Japan,Tokyo,53.857142857142854,0.5918367346938775,0.04081632653061224,0.0,0.20918367346938777,0.0
567,Japan,Wakayama Prefecture,47.142857142857146,0.8571428571428571,0.0,0.0,0.25,0.0
568,Japan,Yamaguchi,44.0,0.0,0.0,0.0,0.25,0.0
569,Japan,Yamanashi,64.0,1.0,0.0,0.0,0.25,0.0
570,Kazakhstan,Akmola,45.0,0.5,0.0,0.0,0.25,0.0
571,Kazakhstan,Almaty,38.916666666666664,0.5,0.0,0.0,0.25,0.0
572,Kazakhstan,Atyrau,23.0,1.0,0.0,0.0,0.25,0.0
573,Kazakhstan,East Kazakhstan,23.0,1.0,0.0,0.0,0.25,0.0
574,Kazakhstan,Jambyl,65.0,0.5,0.0,0.0,0.25,0.0
575,Kazakhstan,Karaganda,40.0,1.0,0.0,0.0,0.25,0.0
576,Kazakhstan,Kyzylorda,67.0,0.0,0.0,0.0,0.25,0.0
577,Kazakhstan,Mangystau,23.0,1.0,0.0,0.0,0.25,0.0
578,Kazakhstan,North Kazakhstan,26.0,0.0,0.0,0.0,0.25,0.0
579,Kazakhstan,Shymkent,40.0,1.0,0.0,0.0,0.25,0.0
580,Kenya,Bungoma,4.0,0.0,0.0,0.0,0.25,0.0
581,Kenya,Kitui,4.0,1.0,0.0,0.0,0.25,0.0
582,Kenya,Kwale County,39.0,0.0,0.0,0.0,0.25,0.0
583,Kenya,Mombasa,34.714285714285715,0.5714285714285714,0.0,0.0,0.25,0.0
584,Kenya,Mombasa or Nairobi,50.0,0.5,0.0,0.0,0.25,0.0
585,Kenya,"Mombasa, Nairobi or Mandera",47.0,0.5,0.0,0.0,0.25,0.0
586,Kenya,"Mombasa, Nairobi or Nyandarua",42.0,0.0,0.0,0.0,0.25,0.0
587,Kenya,Nairobi County,46.0,0.75,0.0,0.0,0.25,0.0
588,Kenya,"Nairobi, Mombasa or Homabay",54.0,0.5,0.0,0.0,0.25,0.0
589,Kenya,Tanga,39.0,1.0,0.0,0.0,0.25,0.0
590,Lebanon,Beirut,48.333333333333336,0.3333333333333333,0.0,0.0,0.25,0.0
591,Malaysia,Johor,43.0,0.6666666666666666,0.16666666666666666,0.0,0.08333333333333333,0.0
592,Malaysia,Kedah,27.0,1.0,0.0,0.0,0.25,0.0
593,Malaysia,Selangor,36.0,1.0,0.0,0.0,0.25,0.0
594,Malaysia,Wilayah Persekutuan Kuala Lumpur,43.125,0.625,0.0625,0.0,0.1875,0.0
595,Malta,Gozo,69.0,1.0,0.0,0.0,0.25,0.0
596,Mexico,Aguascalientes,42.142857142857146,0.45622119815668205,0.0,0.0,0.25,0.0
597,Mexico,Baja California,44.63553530751708,0.5603644646924829,0.0,0.0,0.25,0.0
598,Mexico,Baja California Sur,42.075630252100844,0.5336134453781513,0.0,0.0,0.25,0.0
599,Mexico,Campeche,48.608695652173914,0.7391304347826086,0.0,0.0,0.25,0.0
600,Mexico,Chiapas,47.70886075949367,0.7721518987341772,0.0,0.0,0.25,0.0
601,Mexico,Chihuahua,41.65034965034965,0.6083916083916084,0.0,0.0,0.25,0.0
602,Mexico,Chipas,58.0,1.0,0.0,0.0,0.25,0.0
603,Mexico,Ciudad de Mexico,47.60350154479918,0.553038105046344,0.0,0.0,0.25,0.0
604,Mexico,Coahuila,42.715039577836414,0.5303430079155673,0.0,0.0,0.25,0.0
605,Mexico,Colima,49.03125,0.625,0.0,0.0,0.25,0.0
606,Mexico,Durango,53.31818181818182,0.5606060606060606,0.0,0.0,0.25,0.0
607,Mexico,Estado de Mexico,46.98088235294118,0.513235294117647,0.0,0.0,0.25,0.0
608,Mexico,Guanajuato,44.554794520547944,0.4452054794520548,0.0,0.0,0.25,0.0
609,Mexico,Guerero,53.0,0.6666666666666666,0.0,0.0,0.25,0.0
610,Mexico,Guerrero,48.21111111111111,0.6055555555555555,0.0,0.0,0.25,0.0
611,Mexico,Hidalgo,45.103092783505154,0.5979381443298969,0.0,0.0,0.25,0.0
612,Mexico,JAlisco,58.0,0.0,0.0,0.0,0.25,0.0
613,Mexico,Jalisco,46.02439024390244,0.5390243902439025,0.0,0.0,0.25,0.0
614,Mexico,Michoacan,51.60115606936416,0.5780346820809249,0.0,0.0,0.25,0.0
615,Mexico,Morelos,48.203007518796994,0.5112781954887218,0.0,0.0,0.25,0.0
616,Mexico,Nayarit,53.41463414634146,0.34146341463414637,0.0,0.0,0.25,0.0
617,Mexico,Nuevo Leon,45.44,0.64,0.0,0.0,0.25,0.0
618,Mexico,Nuevo leon,44.0,1.0,0.0,0.0,0.25,0.0
619,Mexico,Oaxaca,44.35443037974684,0.45569620253164556,0.0,0.0,0.25,0.0
620,Mexico,Puebla,48.49904397705545,0.5353728489483748,0.0,0.0,0.25,0.0
621,Mexico,Queretaro,44.53809523809524,0.5523809523809524,0.0,0.0,0.25,0.0
622,Mexico,Quintana Roo,42.59649122807018,0.5839598997493735,0.0,0.0,0.25,0.0
623,Mexico,San Luis Potosi,39.64835164835165,0.521978021978022,0.0,0.0,0.25,0.0
624,Mexico,Sinaloa,51.984375,0.53125,0.0,0.0,0.25,0.0
625,Mexico,Sonora,46.77040816326531,0.4744897959183674,0.0,0.0,0.25,0.0
626,Mexico,Tabasco,46.657824933687,0.4588859416445623,0.0,0.0,0.25,0.0
627,Mexico,Tamaulipas,43.96296296296296,0.5802469135802469,0.0,0.0,0.25,0.0
628,Mexico,Tlaxcala,37.92307692307692,0.49572649572649574,0.0,0.0,0.25,0.0
629,Mexico,VEracruz,27.0,0.3333333333333333,0.0,0.0,0.25,0.0
630,Mexico,Veracruz,46.1353711790393,0.43231441048034935,0.0,0.0,0.25,0.0
631,Mexico,Yucatan,45.34121621621622,0.5067567567567568,0.0,0.0,0.25,0.0
632,Mexico,Zacatecas,49.892857142857146,0.6428571428571429,0.0,0.0,0.25,0.0
633,Mexico,estado de Mexico,47.0,0.0,0.0,0.0,0.25,0.0
634,Netherlands,Drenthe,41.77272727272727,0.5454545454545454,0.0,0.0,0.25,0.0
635,Netherlands,Flevoland,48.53846153846154,0.46153846153846156,0.0,0.0,0.25,0.0
636,Netherlands,Friesland,39.48,0.72,0.0,0.0,0.25,0.0
637,Netherlands,Gelderland,47.760330578512395,0.5041322314049587,0.0,0.0,0.25,0.0
638,Netherlands,Groningen,42.24,0.68,0.0,0.0,0.25,0.0
639,Netherlands,Limburg,46.67032967032967,0.43956043956043955,0.0,0.0,0.25,0.0
640,Netherlands,Noord-Brabant,43.36,0.56,0.0,0.0,0.25,0.0
641,Netherlands,Noord-Holland,45.77777777777778,0.6111111111111112,0.0,0.0,0.25,0.0
642,Netherlands,North Brabant,44.156028368794324,0.6028368794326241,0.0,0.0,0.25,0.0
643,Netherlands,North Holland,45.01030927835052,0.5051546391752577,0.0,0.0,0.25,0.0
644,Netherlands,Overijssel,44.833333333333336,0.5666666666666667,0.0,0.0,0.25,0.0
645,Netherlands,South Holland,44.675925925925924,0.6018518518518519,0.0,0.0,0.25,0.0
646,Netherlands,Utrecht,45.029411764705884,0.5588235294117647,0.0,0.0,0.25,0.0
647,Netherlands,Zeeland,52.43333333333333,0.43333333333333335,0.0,0.0,0.25,0.0
648,Netherlands,Zuid-Holland,35.95238095238095,0.7142857142857143,0.0,0.0,0.25,0.0
649,Niger,Niamey Capital District,52.111111111111114,0.5555555555555556,0.19444444444444445,0.0,0.041666666666666664,0.013888888888888888
650,Nigeria,Abia,67.0,0.0,0.0,0.0,0.25,0.0
651,Nigeria,Abuja,50.19230769230769,0.5384615384615384,0.0,0.14423076923076922,0.10576923076923077,0.0
652,Nigeria,Adamawa,58.0,0.3333333333333333,0.0,0.0,0.25,0.0
653,Nigeria,Akwa Ibom,46.25,0.5,0.0,0.1875,0.0625,0.0
654,Nigeria,Anambra,67.0,0.0,0.0,0.25,0.0,0.0
655,Nigeria,Bauchi,43.77777777777778,0.5555555555555556,0.0,0.05555555555555555,0.19444444444444445,0.0
656,Nigeria,Bayelsa,65.0,0.5,0.0,0.0,0.25,0.0
657,Nigeria,Benue,67.0,0.0,0.0,0.0,0.25,0.0
658,Nigeria,Borno,47.0,0.5,0.0,0.0,0.25,0.0
659,Nigeria,Delta,46.142857142857146,0.42857142857142855,0.0,0.10714285714285714,0.10714285714285714,0.03571428571428571
660,Nigeria,Ebonyi,35.75,0.75,0.0,0.0,0.25,0.0
661,Nigeria,Edo,35.4,0.8,0.0,0.1375,0.1125,0.0
662,Nigeria,Ekiti,42.0,0.8,0.0,0.0,0.25,0.0
663,Nigeria,Enugu,58.0,0.0,0.0,0.0,0.25,0.0
664,Nigeria,Federal Capital Territory,45.0,1.0,0.0,0.0,0.25,0.0
665,Nigeria,Gombe,41.083333333333336,0.5833333333333334,0.0,0.0,0.25,0.0
666,Nigeria,Imo,43.333333333333336,0.6666666666666666,0.0,0.0,0.25,0.0
667,Nigeria,Jigawa,67.0,0.0,0.0,0.0,0.25,0.0
668,Nigeria,Kaduna,54.5,0.2,0.0,0.075,0.175,0.0
669,Nigeria,Kano,46.88,0.4,0.0,0.16,0.09,0.0
670,Nigeria,Kastina,58.0,0.3333333333333333,0.0,0.16666666666666666,0.08333333333333333,0.0
671,Nigeria,Katsina,48.36363636363637,0.2727272727272727,0.0,0.11363636363636363,0.13636363636363635,0.0
672,Nigeria,Kebbi,65.0,0.25,0.0,0.0,0.25,0.0
673,Nigeria,Kwara,39.22222222222222,0.6666666666666666,0.0,0.1111111111111111,0.1388888888888889,0.0
674,Nigeria,Lagos,43.84864864864865,0.572972972972973,0.0,0.20675675675675675,0.043243243243243246,0.0
675,Nigeria,Nasarawa,49.25,0.5,0.0,0.0,0.25,0.0
676,Nigeria,Niger,46.714285714285715,0.5714285714285714,0.0,0.07142857142857142,0.17857142857142858,0.0
677,Nigeria,Ogun,44.785714285714285,0.6428571428571429,0.0,0.03571428571428571,0.21428571428571427,0.0
678,Nigeria,Ondo,30.285714285714285,1.0,0.0,0.10714285714285714,0.14285714285714285,0.0
679,Nigeria,Osun,42.666666666666664,0.6,0.0,0.13333333333333333,0.11666666666666667,0.0
680,Nigeria,Oyo,39.8,0.6666666666666666,0.0,0.03333333333333333,0.21666666666666667,0.0
681,Nigeria,Plateau,41.0,0.6,0.0,0.0,0.25,0.0
682,Nigeria,Rivers,34.142857142857146,0.8571428571428571,0.0,0.03571428571428571,0.21428571428571427,0.0
683,Nigeria,Sokoto,53.111111111111114,0.3333333333333333,0.0,0.0,0.25,0.0
684,Nigeria,Taraba,40.0,1.0,0.0,0.0,0.25,0.0
685,Nigeria,Yobe,53.5,0.0,0.0,0.0,0.25,0.0
686,Nigeria,Zamfara,41.857142857142854,0.2857142857142857,0.0,0.0,0.25,0.0
687,Norway,Agder,78.5,0.0,0.0,0.0,0.25,0.0
688,Norway,Innlandet,53.5,0.5,0.0,0.0,0.25,0.0
689,Norway,More og Romsdal,40.0,1.0,0.0,0.0,0.25,0.0
690,Norway,Oslo,45.0,0.5,0.0,0.0,0.25,0.0
691,Norway,Rogaland,23.0,1.0,0.0,0.0,0.25,0.0
692,Norway,Troms og Finnmark,43.333333333333336,0.6666666666666666,0.0,0.0,0.25,0.0
693,Norway,Trondelag,67.0,0.0,0.0,0.0,0.25,0.0
694,Norway,Vestfold og Telemark,47.333333333333336,0.3333333333333333,0.0,0.0,0.25,0.0
695,Norway,Vestland,15.5,1.0,0.0,0.0,0.25,0.0
696,Norway,Viken,23.0,1.0,0.0,0.0,0.25,0.0
697,Pakistan,Gilgit-Baltistan,26.5,0.5,0.0,0.0,0.25,0.0
698,Pakistan,Sindh,45.5,1.0,0.0,0.0,0.25,0.0
699,Paraguay,Alto Parana,30.895424836601308,0.7124183006535948,0.0,0.006535947712418301,0.2434640522875817,0.0
700,Paraguay,Amambay,37.76190476190476,0.5714285714285714,0.0,0.09523809523809523,0.15476190476190477,0.0
701,Paraguay,Asuncion,33.73873873873874,0.5585585585585585,0.0,0.0,0.25,0.0
702,Paraguay,Boqueron,21.0,0.0,0.0,0.0,0.25,0.0
703,Paraguay,Caaguazu,24.53939393939394,0.703030303030303,0.0,0.007575757575757576,0.24242424242424243,0.0
704,Paraguay,Caazapa,22.041666666666668,0.8333333333333334,0.0,0.010416666666666666,0.23958333333333334,0.0
705,Paraguay,Canindeyu,19.476190476190474,0.9047619047619048,0.0,0.03571428571428571,0.21428571428571427,0.0
706,Paraguay,Central,36.659176029962545,0.6067415730337079,0.0,0.08801498127340825,0.16198501872659177,0.0
707,Paraguay,Concepcion,31.6,0.8,0.0,0.0,0.25,0.0
708,Paraguay,Cordillera,32.05,0.85,0.0,0.0125,0.2375,0.0
709,Paraguay,Guaira,29.6,0.6666666666666666,0.0,0.03333333333333333,0.21666666666666667,0.0
710,Paraguay,Itapua,25.62962962962963,0.7037037037037037,0.0,0.018518518518518517,0.23148148148148148,0.0
711,Paraguay,Misiones,28.25,0.5,0.0,0.0,0.25,0.0
712,Paraguay,Paraguari,33.507936507936506,0.49206349206349204,0.0,0.007936507936507936,0.24206349206349206,0.0
713,Paraguay,Pte Hayes,46.0,0.0,0.0,0.0,0.25,0.0
714,Paraguay,San Pedro,27.77777777777778,0.6666666666666666,0.0,0.013888888888888888,0.2361111111111111,0.0
715,Paraguay,Ñeembucu,40.0,1.0,0.0,0.25,0.0,0.0
716,Paraguay,ñeembucu,30.0,1.0,0.0,0.0,0.25,0.0
717,Peru,ABANCAY,43.40625,0.4583333333333333,0.0,0.0,0.25,0.0
718,Peru,ACOMAYO,31.444444444444443,0.3333333333333333,0.0,0.0,0.25,0.0
719,Peru,AIJA,48.5,0.25,0.0,0.0,0.25,0.0
720,Peru,ANGARAES,22.714285714285715,0.6904761904761905,0.0,0.0,0.25,0.0
721,Peru,ANTA,29.516129032258064,0.5806451612903226,0.0,0.0,0.25,0.0
722,Peru,ANTABAMBA,35.333333333333336,0.6666666666666666,0.0,0.0,0.25,0.0
723,Peru,ANTONIO RAIMONDI,60.0,1.0,0.0,0.0,0.25,0.0
724,Peru,ATALAYA,9.0,1.0,0.0,0.0,0.25,0.0
725,Peru,AYABACA,40.3235294117647,0.7058823529411765,0.0,0.0,0.25,0.0
726,Peru,AYMARAES,50.8,0.2,0.0,0.0,0.25,0.0
727,Peru,AZANGARO,34.625,0.625,0.0,0.0,0.25,0.0
728,Peru,Acobamba,31.397727272727273,0.4772727272727273,0.0,0.0,0.25,0.0
729,Peru,Alto Amazonas,40.59518072289157,0.5445783132530121,0.0,0.0,0.25,0.0
730,Peru,Ambo,46.3125,0.6875,0.0,0.0,0.25,0.0
731,Peru,Andahuaylas,40.21739130434783,0.45652173913043476,0.0,0.0,0.25,0.0
732,Peru,Arequipa,42.611278519156265,0.6375376668101593,0.0,0.0,0.25,0.0
733,Peru,Ascope,43.51700680272109,0.7142857142857143,0.0,0.0,0.25,0.0
734,Peru,Asuncion,36.0,0.5,0.0,0.0,0.25,0.0
735,Peru,BOLOGNESI,34.833333333333336,0.8333333333333334,0.0,0.0,0.25,0.0
736,Peru,Bagua,33.65942028985507,0.644927536231884,0.0,0.0,0.25,0.0
737,Peru,Barranca,44.625,0.6071428571428571,0.0,0.0,0.25,0.0
738,Peru,Bellavista,37.33898305084746,0.6101694915254238,0.0,0.0,0.25,0.0
739,Peru,Bongara,39.69230769230769,0.6153846153846154,0.0,0.0,0.25,0.0
740,Peru,CAJABAMBA,39.333333333333336,0.4166666666666667,0.0,0.0,0.25,0.0
741,Peru,CAJATAmbo,34.4,0.6,0.0,0.0,0.25,0.0
742,Peru,CANCHIS,36.77777777777778,0.7222222222222222,0.0,0.0,0.25,0.0
743,Peru,CANGALLO,48.833333333333336,0.6666666666666666,0.0,0.0,0.25,0.0
744,Peru,CARABAYA,54.5,0.75,0.0,0.0,0.25,0.0
745,Peru,CARLOS FERMIN FITZCARRALD,31.666666666666668,0.3333333333333333,0.0,0.0,0.25,0.0
746,Peru,CASTROVIRREYNA,29.434782608695652,0.5217391304347826,0.0,0.0,0.25,0.0
747,Peru,CAnaS,33.0,0.5,0.0,0.0,0.25,0.0
748,Peru,CELENDIN,38.27272727272727,0.5757575757575758,0.0,0.0,0.25,0.0
749,Peru,CHEPEN,44.137662337662334,0.5792207792207792,0.0,0.0,0.25,0.0
750,Peru,CHINCHEROS,37.2,0.6,0.0,0.0,0.25,0.0
751,Peru,CHOTA,41.42857142857143,0.32142857142857145,0.0,0.0,0.25,0.0
752,Peru,CHUCUITO,40.4375,0.5,0.0,0.0,0.25,0.0
753,Peru,CHUMBIVILCAS,32.13333333333333,0.7333333333333333,0.0,0.0,0.25,0.0
754,Peru,CHURCAMPA,27.88235294117647,0.47058823529411764,0.0,0.0,0.25,0.0
755,Peru,CONDESUYOS,53.0,1.0,0.0,0.0,0.25,0.0
756,Peru,CONDORCANQUI,26.0,1.0,0.0,0.0,0.25,0.0
757,Peru,CONTUMAZA,44.36363636363637,0.5454545454545454,0.0,0.0,0.25,0.0
758,Peru,CORONGO,43.5,0.5,0.0,0.0,0.25,0.0
759,Peru,COTABAMBAS,27.7,0.5,0.0,0.0,0.25,0.0
760,Peru,CUTERVO,37.25,0.75,0.0,0.0,0.25,0.0
761,Peru,Cajamarca,40.68627450980392,0.6617647058823529,0.0,0.0,0.25,0.0
762,Peru,Calca,33.666666666666664,0.75,0.0,0.0,0.25,0.0
763,Peru,Callao,44.63719562019938,0.6188919758130413,0.0,0.0,0.25,0.0
764,Peru,Camana,45.275862068965516,0.6206896551724138,0.0,0.0,0.25,0.0
765,Peru,Canete,41.44139194139194,0.6025641025641025,0.0,0.0,0.25,0.0
766,Peru,Canta,43.59090909090909,0.6590909090909091,0.0,0.0,0.25,0.0
767,Peru,Caraveli,37.111111111111114,0.5666666666666667,0.0,0.0,0.25,0.0
768,Peru,Carhuaz,38.72222222222222,0.6111111111111112,0.0,0.0,0.25,0.0
769,Peru,Casma,46.25806451612903,0.6989247311827957,0.0,0.0,0.25,0.0
770,Peru,Castilla,36.294117647058826,0.7647058823529411,0.0,0.0,0.25,0.0
771,Peru,Caylloma,43.17857142857143,0.5892857142857143,0.0,0.0,0.25,0.0
772,Peru,Chachapoyas,39.982608695652175,0.46956521739130436,0.0,0.0,0.25,0.0
773,Peru,Chanchamayo,43.307377049180324,0.5532786885245902,0.0,0.0,0.25,0.0
774,Peru,Chiclayo,45.12050406930953,0.5539511682856393,0.0,0.0,0.25,0.0
775,Peru,Chincha,45.218859138533176,0.6018626309662398,0.0,0.0,0.25,0.0
776,Peru,Chupaca,45.833333333333336,0.7254901960784313,0.0,0.0,0.25,0.0
777,Peru,Concepcion,42.43333333333333,0.7333333333333333,0.0,0.0,0.25,0.0
778,Peru,Contralmirante Villar,49.18,0.56,0.0,0.0,0.25,0.0
779,Peru,Coronel Portillo,41.94956593633733,0.5270773046713518,0.0,0.0,0.25,0.0
780,Peru,Cusco,39.093023255813954,0.5670840787119857,0.0,0.0,0.25,0.0
781,Peru,DOS DE MAYO,50.285714285714285,0.7142857142857143,0.0,0.0,0.25,0.0
782,Peru,Daniel Alcides Carrion,33.416666666666664,0.5833333333333334,0.0,0.0,0.25,0.0
783,Peru,Datem del Maranon,32.38461538461539,0.6076923076923076,0.0,0.0,0.25,0.0
784,Peru,EL COLLAO,41.733333333333334,0.3333333333333333,0.0,0.0,0.25,0.0
785,Peru,EL DORADO,26.96153846153846,0.6538461538461539,0.0,0.0,0.25,0.0
786,Peru,ESPINAR,36.689655172413794,0.7241379310344828,0.0,0.0,0.25,0.0
787,Peru,Ferrenafe,44.57255936675462,0.48548812664907653,0.0,0.0,0.25,0.0
788,Peru,GRAN CHIMU,29.0,1.0,0.0,0.0,0.25,0.0
789,Peru,GRAU,40.5,0.25,0.0,0.0,0.25,0.0
790,Peru,General Sanchez Cerro,30.4,0.4,0.0,0.0,0.25,0.0
791,Peru,HUACAYBAMBA,46.0,0.0,0.0,0.0,0.25,0.0
792,Peru,HUALLAGA,31.4,0.5333333333333333,0.0,0.0,0.25,0.0
793,Peru,HUAMALIES,37.9375,0.5625,0.0,0.0,0.25,0.0
794,Peru,HUANCA SANCOS,78.0,1.0,0.0,0.0,0.25,0.0
795,Peru,HUANCABAMBA,45.3,0.7,0.0,0.0,0.25,0.0
796,Peru,HUANCANE,48.46666666666667,0.6666666666666666,0.0,0.0,0.25,0.0
797,Peru,HUANTA,46.73809523809524,0.38095238095238093,0.0,0.0,0.25,0.0
798,Peru,HUAROCHIRI,40.18064516129032,0.6838709677419355,0.0,0.0,0.25,0.0
799,Peru,HUAYTARA,47.53846153846154,0.8461538461538461,0.0,0.0,0.25,0.0
800,Peru,Hualgayoc,35.02564102564103,0.5384615384615384,0.0,0.0,0.25,0.0
801,Peru,Huamanga,38.908433734939756,0.5228915662650603,0.0,0.0,0.25,0.0
802,Peru,Huancavelica,34.23741007194245,0.4676258992805755,0.0,0.0,0.25,0.0
803,Peru,Huancayo,40.56346749226006,0.6176470588235294,0.0,0.0,0.25,0.0
804,Peru,Huanuco,43.09116809116809,0.4700854700854701,0.0,0.0,0.25,0.0
805,Peru,Huaral,44.88154897494305,0.664009111617312,0.0,0.0,0.25,0.0
806,Peru,Huaraz,41.63122171945702,0.579185520361991,0.0,0.0,0.25,0.0
807,Peru,Huari,38.05882352941177,0.6470588235294118,0.0,0.0,0.25,0.0
808,Peru,Huarmey,43.775,0.675,0.0,0.0,0.25,0.0
809,Peru,Huaura,43.972527472527474,0.6465201465201466,0.0,0.0,0.25,0.0
810,Peru,Huaylas,37.94285714285714,0.5142857142857142,0.0,0.0,0.25,0.0
811,Peru,ILO,42.46666666666667,0.5333333333333333,0.0,0.0,0.25,0.0
812,Peru,ISLAY,48.21052631578947,0.5263157894736842,0.0,0.0,0.25,0.0
813,Peru,Ica,42.85871743486974,0.5270541082164328,0.0,0.0,0.25,0.0
814,Peru,JAUJA,44.08888888888889,0.5111111111111111,0.0,0.0,0.25,0.0
815,Peru,JORGE BASADRE,27.0,1.0,0.0,0.0,0.25,0.0
816,Peru,JULCAN,64.75,0.25,0.0,0.0,0.25,0.0
817,Peru,Jaen,37.409937888198755,0.5652173913043478,0.0,0.0,0.25,0.0
818,Peru,Junin,41.2967032967033,0.5054945054945055,0.0,0.0,0.25,0.0
819,Peru,LA MAR,42.607142857142854,0.5,0.0,0.0,0.25,0.0
820,Peru,LA UNION,52.25,0.75,0.0,0.0,0.25,0.0
821,Peru,LAMAS,32.291666666666664,0.6111111111111112,0.0,0.0,0.25,0.0
822,Peru,LAMPA,52.333333333333336,0.3333333333333333,0.0,0.0,0.25,0.0
823,Peru,LEONCIO PRADO,38.69642857142857,0.5714285714285714,0.0,0.0,0.25,0.0
824,Peru,LUCAnaS,44.74285714285714,0.45714285714285713,0.0,0.0,0.25,0.0
825,Peru,LUYA,34.94736842105263,0.47368421052631576,0.0,0.0,0.25,0.0
826,Peru,La Convencion,41.541666666666664,0.6388888888888888,0.0,0.0,0.25,0.0
827,Peru,Lambayeque,44.21423276501112,0.5478131949592291,0.0,0.0,0.25,0.0
828,Peru,Lima,44.30801531431394,0.5638713926968836,0.0,0.0,0.25,0.0
829,Peru,Loreto,37.77040816326531,0.5408163265306123,0.0,0.0,0.25,0.0
830,Peru,MANU,25.2,0.4,0.0,0.0,0.25,0.0
831,Peru,MARANON,34.0,0.5,0.0,0.0,0.25,0.0
832,Peru,MARISCAL LUZURIAGA,45.3,0.5,0.0,0.0,0.25,0.0
833,Peru,MARISCAL RAMON Castilla,40.017699115044245,0.5663716814159292,0.0,0.0,0.25,0.0
834,Peru,MELGAR,43.6,0.5,0.0,0.0,0.25,0.0
835,Peru,MOHO,22.0,0.0,0.0,0.0,0.25,0.0
836,Peru,Mariscal Caceres,37.11009174311926,0.3853211009174312,0.0,0.0,0.25,0.0
837,Peru,Mariscal Nieto,43.106951871657756,0.49732620320855614,0.0,0.0,0.25,0.0
838,Peru,Maynas,40.45088940448569,0.5680587780355761,0.0,0.0,0.25,0.0
839,Peru,Morropon,46.5962441314554,0.6244131455399061,0.0,0.0,0.25,0.0
840,Peru,Moyobamba,33.89029535864979,0.5232067510548524,0.0,0.0,0.25,0.0
841,Peru,NAZCA,37.99307958477509,0.5847750865051903,0.0,0.0,0.25,0.0
842,Peru,OCROS,38.5,1.0,0.0,0.0,0.25,0.0
843,Peru,OTUZCO,41.9,0.5,0.0,0.0,0.25,0.0
844,Peru,Oxapampa,41.541666666666664,0.5083333333333333,0.0,0.0,0.25,0.0
845,Peru,Oyon,32.333333333333336,0.5,0.0,0.0,0.25,0.0
846,Peru,PACHITEA,32.93333333333333,0.6,0.0,0.0,0.25,0.0
847,Peru,PADRE ABAD,43.470588235294116,0.6823529411764706,0.0,0.0,0.25,0.0
848,Peru,PALLASCA,34.0,0.0,0.0,0.0,0.25,0.0
849,Peru,PARURO,21.6875,0.625,0.0,0.0,0.25,0.0
850,Peru,PATAZ,36.81730769230769,0.75,0.0,0.0,0.25,0.0
851,Peru,PAUCARTAmbo,22.5,0.75,0.0,0.0,0.25,0.0
852,Peru,PICOTA,37.024096385542165,0.5662650602409639,0.0,0.0,0.25,0.0
853,Peru,PUERTO INCA,33.333333333333336,0.42857142857142855,0.0,0.0,0.25,0.0
854,Peru,PUTUMAYO,37.142857142857146,0.2857142857142857,0.0,0.0,0.25,0.0
855,Peru,Pacasmayo,43.76136363636363,0.625,0.0,0.0,0.25,0.0
856,Peru,Paita,47.55211267605634,0.5915492957746479,0.0,0.0,0.25,0.0
857,Peru,Palpa,36.370370370370374,0.4691358024691358,0.0,0.0,0.25,0.0
858,Peru,Parinacochas,41.73076923076923,0.5769230769230769,0.0,0.0,0.25,0.0
859,Peru,Pasco,39.45454545454545,0.5393939393939394,0.0,0.0,0.25,0.0
860,Peru,Pisco,40.943722943722946,0.6017316017316018,0.0,0.0,0.25,0.0
861,Peru,Piura,44.113110539845756,0.569225119353654,0.0,0.0,0.25,0.0
862,Peru,Pomabamba,36.0,0.5714285714285714,0.0,0.0,0.25,0.0
863,Peru,Puno,41.275510204081634,0.3979591836734694,0.0,0.0,0.25,0.0
864,Peru,QUISPIcaNCHI,38.5,0.8333333333333334,0.0,0.0,0.25,0.0
865,Peru,RECUAY,44.09090909090909,0.6363636363636364,0.0,0.0,0.25,0.0
866,Peru,REQUENA,48.857142857142854,0.7142857142857143,0.0,0.0,0.25,0.0
867,Peru,RODRIGUEZ DE MENDOZA,20.5,0.5,0.0,0.0,0.25,0.0
868,Peru,Rioja,31.842105263157894,0.4868421052631579,0.0,0.0,0.25,0.0
869,Peru,SAN ANTONIO DE PUTINA,26.0,0.0,0.0,0.0,0.25,0.0
870,Peru,SAN IGNACIO,39.4,0.8,0.0,0.0,0.25,0.0
871,Peru,SAN PABLO,31.0,1.0,0.0,0.0,0.25,0.0
872,Peru,SAN ROMAN,42.45882352941177,0.4235294117647059,0.0,0.0,0.25,0.0
873,Peru,SANCHEZ CARRION,34.15151515151515,0.7575757575757576,0.0,0.0,0.25,0.0
874,Peru,SANDIA,39.5,0.5,0.0,0.0,0.25,0.0
875,Peru,SATIPO,36.77647058823529,0.6470588235294118,0.0,0.0,0.25,0.0
876,Peru,SIHUAS,41.458333333333336,0.4583333333333333,0.0,0.0,0.25,0.0
877,Peru,SUCRE,39.0,1.0,0.0,0.0,0.25,0.0
878,Peru,San Marcos,38.0,1.0,0.0,0.0,0.25,0.0
879,Peru,San Martin,40.36,0.5525,0.0,0.0,0.25,0.0
880,Peru,San Miguel,42.833333333333336,0.5833333333333334,0.0,0.0,0.25,0.0
881,Peru,Santa,44.55957446808511,0.6212765957446809,0.0,0.0,0.25,0.0
882,Peru,Santa Cruz,40.01587301587302,0.5079365079365079,0.0,0.0,0.25,0.0
883,Peru,Santiago DE CHUCO,37.36363636363637,0.45454545454545453,0.0,0.0,0.25,0.0
884,Peru,Sechura,43.71666666666667,0.6583333333333333,0.0,0.0,0.25,0.0
885,Peru,Sullana,44.3988173455979,0.5512483574244416,0.0,0.0,0.25,0.0
886,Peru,TAHUAMANU,39.39473684210526,0.5263157894736842,0.0,0.0,0.25,0.0
887,Peru,TALARA,44.1037037037037,0.6666666666666666,0.0,0.0,0.25,0.0
888,Peru,TARATA,26.0,1.0,0.0,0.0,0.25,0.0
889,Peru,TARMA,42.48,0.67,0.0,0.0,0.25,0.0
890,Peru,TOCACHE,28.21917808219178,0.4794520547945205,0.0,0.0,0.25,0.0
891,Peru,Tacna,42.575250836120404,0.48494983277591974,0.0,0.0,0.25,0.0
892,Peru,Tambopata,40.76201923076923,0.5168269230769231,0.0,0.0,0.25,0.0
893,Peru,Tayacaja,29.68,0.52,0.0,0.0,0.25,0.0
894,Peru,Trujillo,44.15687053216839,0.6258935663224782,0.0,0.0,0.25,0.0
895,Peru,Tumbes,42.75083056478405,0.5033222591362126,0.0,0.0,0.25,0.0
896,Peru,UCAYALI,41.906976744186046,0.627906976744186,0.0,0.0,0.25,0.0
897,Peru,URUBAMBA,33.333333333333336,0.5555555555555556,0.0,0.0,0.25,0.0
898,Peru,UTCUBAMBA,41.561797752808985,0.6292134831460674,0.0,0.0,0.25,0.0
899,Peru,VICTOR FAJARDO,43.05,0.5,0.0,0.0,0.25,0.0
900,Peru,VILCAS HUAMAN,43.5,0.0,0.0,0.0,0.25,0.0
901,Peru,VIRU,36.11904761904762,0.6571428571428571,0.0,0.0,0.25,0.0
902,Peru,YAROWILCA,18.75,0.25,0.0,0.0,0.25,0.0
903,Peru,YAULI,44.9811320754717,0.5566037735849056,0.0,0.0,0.25,0.0
904,Peru,YAUYOS,40.26315789473684,0.631578947368421,0.0,0.0,0.25,0.0
905,Peru,YUNGAY,34.69230769230769,0.46153846153846156,0.0,0.0,0.25,0.0
906,Peru,YUNGUYO,53.714285714285715,0.42857142857142855,0.0,0.0,0.25,0.0
907,Peru,Zarumilla,46.00840336134454,0.5294117647058824,0.0,0.0,0.25,0.0
908,Philippines,Abra,48.25,0.75,0.1875,0.0,0.0625,0.0
909,Philippines,Agusan Del Norte,52.75,0.75,0.1875,0.0,0.0625,0.0
910,Philippines,Aklan,49.833333333333336,0.6666666666666666,0.16666666666666666,0.0,0.08333333333333333,0.0
911,Philippines,Albay,44.325,0.4,0.04375,0.0,0.1875,0.01875
912,Philippines,Antique,47.05882352941177,0.7647058823529411,0.23529411764705882,0.0,0.014705882352941176,0.0
913,Philippines,Apayao,28.0,0.0,0.0,0.0,0.25,0.0
914,Philippines,Bataan,37.407407407407405,0.4537037037037037,0.1111111111111111,0.0,0.13425925925925927,0.004629629629629629
915,Philippines,Batangas,44.19285714285714,0.5571428571428572,0.06785714285714285,0.0,0.16428571428571428,0.017857142857142856
916,Philippines,Benguet,43.25581395348837,0.5116279069767442,0.18023255813953487,0.0,0.06395348837209303,0.005813953488372093
917,Philippines,Bohol,29.2,0.6,0.0,0.0,0.25,0.0
918,Philippines,Bukidnon,43.0,1.0,0.08333333333333333,0.0,0.16666666666666666,0.0
919,Philippines,Bulacan,44.35078534031414,0.5445026178010471,0.06806282722513089,0.0,0.16230366492146597,0.01963350785340314
920,Philippines,Cagayan,43.3125,0.625,0.140625,0.0,0.109375,0.0
921,Philippines,Camarines Norte,46.0,1.0,0.0,0.0,0.0,0.25
922,Philippines,Camarines Sur,39.833333333333336,0.5,0.0625,0.0,0.16666666666666666,0.020833333333333332
923,Philippines,Camiguin,33.0,0.0,0.25,0.0,0.0,0.0
924,Philippines,Capiz,49.4,0.8,0.1,0.0,0.05,0.1
925,Philippines,Catanduanes,63.0,0.0,0.0,0.0,0.25,0.0
926,Philippines,Cavite,44.25429553264605,0.5670103092783505,0.07989690721649484,0.0,0.15378006872852235,0.01632302405498282
927,Philippines,Cebu,60.0,0.0,0.25,0.0,0.0,0.0
928,Philippines,Cebu Province,36.50597080937638,0.6099071207430341,0.01713843432109686,0.0,0.22899159663865545,0.003869969040247678
929,Philippines,Compostela Valley,31.0,1.0,0.125,0.0,0.125,0.0
930,Philippines,Cotabato,35.166666666666664,0.75,0.14583333333333334,0.0,0.10416666666666667,0.0
931,Philippines,Dagupan,31.0,1.0,0.0,0.0,0.25,0.0
932,Philippines,Davao Del Norte,35.0,0.7272727272727273,0.18181818181818182,0.0,0.0,0.06818181818181818
933,Philippines,Davao Del Sur,37.236363636363635,0.5409090909090909,0.11704545454545455,0.0,0.11022727272727273,0.022727272727272728
934,Philippines,Davao Occidental,66.0,0.0,0.0,0.0,0.0,0.25
935,Philippines,Davao Oriental,42.0,0.0,0.25,0.0,0.0,0.0
936,Philippines,Davao de Oro,21.0,0.0,0.25,0.0,0.0,0.0
937,Philippines,Davao del Sur,48.05882352941177,0.8235294117647058,0.0,0.0,0.22058823529411764,0.029411764705882353
938,Philippines,Ifugao,50.5,1.0,0.25,0.0,0.0,0.0
939,Philippines,Ilocos Norte,45.5,0.75,0.125,0.0,0.125,0.0
940,Philippines,Ilocos Sur,44.0,0.0,0.125,0.0,0.125,0.0
941,Philippines,Iloilo,55.4,0.4,0.0,0.0,0.2,0.05
942,Philippines,Iloilo Province,40.5,0.6304347826086957,0.19021739130434784,0.0,0.04891304347826087,0.010869565217391304
943,Philippines,Isabel,38.5,0.0,0.0,0.0,0.25,0.0
944,Philippines,Isabela,32.285714285714285,0.42857142857142855,0.21428571428571427,0.0,0.03571428571428571,0.0
945,Philippines,La Union,51.6875,0.375,0.109375,0.0,0.09375,0.046875
946,Philippines,Laguna,40.9196675900277,0.5512465373961218,0.06717451523545706,0.0,0.1772853185595568,0.00554016620498615
947,Philippines,Lanao Del Norte,50.666666666666664,1.0,0.08333333333333333,0.0,0.08333333333333333,0.08333333333333333
948,Philippines,Lanao Del Sur,52.375,0.5,0.09375,0.0,0.125,0.03125
949,Philippines,Lanao del Norte,67.0,0.0,0.0,0.0,0.25,0.0
950,Philippines,Lanao del Sur,63.333333333333336,0.3333333333333333,0.0,0.0,0.16666666666666666,0.08333333333333333
951,Philippines,Leyte,35.083333333333336,0.5833333333333334,0.041666666666666664,0.0,0.20833333333333334,0.0
952,Philippines,Maguindanao,33.5,0.5,0.125,0.0,0.125,0.0
953,Philippines,Marinduque,42.166666666666664,0.5,0.20833333333333334,0.0,0.041666666666666664,0.0
954,Philippines,Masbate,31.0,1.0,0.0,0.0,0.25,0.0
955,Philippines,Metro Manila,44.651664611590625,0.5183723797780518,0.07731196054254007,0.0,0.15388409371146733,0.0188039457459926
956,Philippines,Misamis Occidental,44.166666666666664,0.6666666666666666,0.16666666666666666,0.0,0.041666666666666664,0.041666666666666664
957,Philippines,Misamis Oriental,44.214285714285715,0.35714285714285715,0.05357142857142857,0.0,0.10714285714285714,0.08928571428571429
958,Philippines,National Capital Region (NCR),41.0,0.5,0.125,0.0,0.0,0.125
959,Philippines,Negros Occidental,41.27272727272727,0.7727272727272727,0.09090909090909091,0.0,0.13636363636363635,0.022727272727272728
960,Philippines,Negros Oriental,46.642857142857146,0.9285714285714286,0.05357142857142857,0.0,0.16071428571428573,0.03571428571428571
961,Philippines,Northern Samar,51.0,0.0,0.0,0.0,0.25,0.0
962,Philippines,Nueva Ecija,41.75,0.5833333333333334,0.07291666666666667,0.0,0.16145833333333334,0.015625
963,Philippines,Nueva Vizcaya,34.142857142857146,0.7142857142857143,0.14285714285714285,0.0,0.10714285714285714,0.0
964,Philippines,Occidental Mindoro,37.03846153846154,0.9615384615384616,0.038461538461538464,0.0,0.21153846153846154,0.0
965,Philippines,Oriental Mindoro,40.5,0.65,0.2,0.0,0.025,0.025
966,Philippines,Palawan,47.0,0.5,0.0,0.0,0.125,0.125
967,Philippines,Pampanga,45.6875,0.59375,0.06640625,0.0,0.16796875,0.015625
968,Philippines,Pangasinan,43.51282051282051,0.48717948717948717,0.08974358974358974,0.0,0.1346153846153846,0.02564102564102564
969,Philippines,Quezon,39.34722222222222,0.4861111111111111,0.052083333333333336,0.0,0.1840277777777778,0.013888888888888888
970,Philippines,Rizal,45.18518518518518,0.5111111111111111,0.06111111111111111,0.0,0.16666666666666666,0.022222222222222223
971,Philippines,Rizal Province,60.5,0.5,0.0,0.0,0.25,0.0
972,Philippines,Romblon,56.0,0.5,0.125,0.0,0.125,0.0
973,Philippines,Samar,44.35,0.4,0.2125,0.0,0.0375,0.0
974,Philippines,Sarangani,70.0,1.0,0.25,0.0,0.0,0.0
975,Philippines,Sorsogon,37.0,1.0,0.0,0.0,0.25,0.0
976,Philippines,South Cotabato,44.142857142857146,0.7142857142857143,0.17857142857142858,0.0,0.07142857142857142,0.0
977,Philippines,Sultan Kudarat,43.25,0.5,0.125,0.0,0.0625,0.0625
978,Philippines,Sulu,63.0,1.0,0.0,0.0,0.0,0.25
979,Philippines,Surigao Del Norte,37.0,0.0,0.0,0.0,0.25,0.0
980,Philippines,Tarlac,52.285714285714285,0.8571428571428571,0.03571428571428571,0.0,0.21428571428571427,0.0
981,Philippines,Tarlac Province,47.72,0.44,0.09,0.0,0.16,0.0
982,Philippines,Zambales,44.96875,0.5,0.0390625,0.0,0.203125,0.0078125
983,Philippines,Zamboanga Del Sur,40.03883495145631,0.8737864077669902,0.06310679611650485,0.0,0.17718446601941748,0.009708737864077669
984,Philippines,Zamboanga del Sur,38.0,0.0,0.0,0.0,0.25,0.0
985,Poland,Holy Cross,45.0,0.5,0.0,0.0,0.25,0.0
986,Poland,Kuyavia-Pomerania,45.0,0.5,0.0,0.0,0.25,0.0
987,Poland,Lodz,8.0,1.0,0.0,0.0,0.25,0.0
988,Poland,Lower Silesia,43.333333333333336,0.6666666666666666,0.0,0.0,0.25,0.0
989,Poland,Lublin,40.0,0.0,0.0,0.0,0.25,0.0
990,Poland,Lubusz,52.0,1.0,0.0,0.0,0.25,0.0
991,Poland,Masovia,52.333333333333336,0.3333333333333333,0.0,0.0,0.25,0.0
992,Poland,Opole,45.0,0.5,0.0,0.0,0.25,0.0
993,Poland,Podlaskie,23.0,1.0,0.0,0.0,0.25,0.0
994,Poland,Pomerania,40.0,0.6666666666666666,0.0,0.0,0.25,0.0
995,Poland,Silesia,23.0,1.0,0.0,0.0,0.25,0.0
996,Poland,Subcarpathia,45.0,0.5,0.0,0.0,0.25,0.0
997,Poland,Warmia-Masuria,40.0,1.0,0.0,0.0,0.25,0.0
998,Poland,West Pomerania,29.333333333333332,0.6666666666666666,0.0,0.0,0.25,0.0
999,Portugal,Alentejo,40.0,1.0,0.0,0.0,0.25,0.0
1000,Portugal,Algarve,46.666666666666664,0.5555555555555556,0.0,0.0,0.25,0.0
1001,Portugal,Azores,38.333333333333336,0.3333333333333333,0.0,0.0,0.25,0.0
1002,Portugal,Centro,38.2,0.8,0.0,0.0,0.25,0.0
1003,Portugal,Lisbon,44.75,0.5833333333333334,0.0,0.0,0.25,0.0
1004,Portugal,Madeira,45.0,0.5,0.0,0.0,0.25,0.0
1005,Portugal,Norte,48.125,0.375,0.0,0.0,0.25,0.0
1006,Puerto Rico,Caguas,23.0,1.0,0.0,0.0,0.25,0.0
1007,Puerto Rico,Mayaguez,65.0,0.0,0.0,0.0,0.25,0.0
1008,Puerto Rico,Metro,40.0,1.0,0.0,0.0,0.25,0.0
1009,Puerto Rico,San Juan,69.0,0.5,0.0,0.0,0.25,0.0
1010,Romania,Gorj,20.0,1.0,0.125,0.0,0.125,0.0
1011,Romania,Moldavia,72.0,1.0,0.0,0.0,0.25,0.0
1012,Russia,Central,45.05,0.5523809523809524,0.0,0.0,0.25,0.0
1013,Russia,Far Eastern,46.3448275862069,0.5517241379310345,0.0,0.0,0.25,0.0
1014,Russia,Moscow City,29.0,1.0,0.0,0.0,0.25,0.0
1015,Russia,North Caucasian,44.68493150684932,0.5205479452054794,0.0,0.0,0.25,0.0
1016,Russia,North Western,46.71836734693878,0.563265306122449,0.0,0.0,0.25,0.0
1017,Russia,Siberia,45.35333333333333,0.5333333333333333,0.0,0.0,0.25,0.0
1018,Russia,South,45.42774566473989,0.5317919075144508,0.0,0.0,0.25,0.0
1019,Russia,Southern,40.0,0.0,0.0,0.0,0.25,0.0
1020,Russia,Transbaikalia,40.0,1.0,0.0,0.0,0.25,0.0
1021,Russia,Ural,45.89430894308943,0.5284552845528455,0.0,0.0,0.25,0.0
1022,Russia,Volga,45.30564784053156,0.5548172757475083,0.0,0.0,0.25,0.0
1023,Senegal,Dakar,54.0,1.0,0.0,0.0,0.25,0.0
1024,Slovenia,Ljubljana,60.0,1.0,0.0,0.0,0.25,0.0
1025,South Africa,Eastern Cape,22.0,1.0,0.0,0.0,0.25,0.0
1026,South Africa,Free State,45.875,0.875,0.0,0.0,0.25,0.0
1027,South Africa,Gauteng,39.64367816091954,0.6091954022988506,0.0,0.0,0.25,0.0
1028,South Africa,Kwazulu-Natal,44.26923076923077,0.7692307692307693,0.0,0.0,0.25,0.0
1029,South Africa,Limpopo,27.0,1.0,0.0,0.0,0.25,0.0
1030,South Africa,Mpumalanga,48.5,0.25,0.0,0.0,0.25,0.0
1031,South Africa,North West,23.0,1.0,0.0,0.0,0.25,0.0
1032,South Africa,North Western,23.0,1.0,0.0,0.0,0.25,0.0
1033,South Africa,UNK,23.0,1.0,0.0,0.0,0.25,0.0
1034,South Africa,Western Cape,40.854838709677416,0.6129032258064516,0.0,0.0,0.25,0.0
1035,South Korea,Busan,43.0,0.2,0.0,0.0,0.25,0.0
1036,South Korea,Daegu,46.166666666666664,0.5,0.0,0.0,0.25,0.0
1037,South Korea,Daejeon,40.0,1.0,0.0,0.0,0.25,0.0
1038,South Korea,Gangwon,48.0,0.46153846153846156,0.057692307692307696,0.0,0.19230769230769232,0.0
1039,South Korea,Gwangju,26.2,0.6,0.1,0.0,0.15,0.0
1040,South Korea,Gyeonggi,45.5,0.9,0.0,0.0,0.25,0.0
1041,South Korea,Incheon,45.0,0.5,0.0,0.0,0.25,0.0
1042,South Korea,Jeju,32.0,0.4,0.1,0.0,0.15,0.0
1043,South Korea,North Chungcheong,45.875,0.5,0.08333333333333333,0.0,0.16666666666666666,0.0
1044,South Korea,North Gyeongsang,48.75,0.625,0.0,0.0,0.25,0.0
1045,South Korea,North Jeolla,31.5,1.0,0.0,0.0,0.25,0.0
1046,South Korea,Sejong,42.2,0.6,0.0,0.0,0.25,0.0
1047,South Korea,Seoul,46.23076923076923,0.6923076923076923,0.0,0.0,0.25,0.0
1048,South Korea,South Chungcheong,23.5,0.75,0.0,0.0,0.25,0.0
1049,South Korea,South Gyeongsang,40.625,0.375,0.0,0.0,0.25,0.0
1050,South Korea,South Jeolla,38.5,1.0,0.125,0.0,0.125,0.0
1051,South Korea,Ulsan,37.52,0.52,0.02,0.0,0.23,0.0
1052,Spain,Andalucia,46.666666666666664,0.4166666666666667,0.0,0.0,0.25,0.0
1053,Spain,Andalusia,41.166666666666664,0.6666666666666666,0.0,0.0,0.25,0.0
1054,Spain,Aragon,49.92307692307692,0.46153846153846156,0.0,0.0,0.25,0.0
1055,Spain,Asturias,45.0625,0.625,0.0,0.0,0.25,0.0
1056,Spain,Baleares,41.84,0.56,0.01,0.0,0.24,0.0
1057,Spain,Basque Country,53.5,0.5,0.0,0.0,0.25,0.0
1058,Spain,C. Valenciana,47.53333333333333,0.5666666666666667,0.0,0.0,0.25,0.0
1059,Spain,Canarias,47.15384615384615,0.46153846153846156,0.0,0.0,0.25,0.0
1060,Spain,Canary Islands,53.111111111111114,0.4444444444444444,0.027777777777777776,0.0,0.2222222222222222,0.0
1061,Spain,Cantabria,45.75,0.5357142857142857,0.0,0.0,0.25,0.0
1062,Spain,Castilla La Mancha,39.172413793103445,0.7586206896551724,0.0,0.0,0.25,0.0
1063,Spain,Castilla y Leon,41.93103448275862,0.6206896551724138,0.0,0.0,0.25,0.0
1064,Spain,Castilla–La Mancha,47.333333333333336,0.3333333333333333,0.0,0.0,0.25,0.0
1065,Spain,Catalonia,36.5,0.5,0.0,0.0,0.25,0.0
1066,Spain,Cataluna,48.74074074074074,0.48148148148148145,0.0,0.0,0.25,0.0
1067,Spain,Ceuta,41.61538461538461,0.6923076923076923,0.0,0.0,0.25,0.0
1068,Spain,Extremadura,47.22222222222222,0.5277777777777778,0.0,0.0,0.25,0.0
1069,Spain,Galicia,38.65625,0.625,0.0,0.0,0.25,0.0
1070,Spain,La Rioja,47.714285714285715,0.5428571428571428,0.0,0.0,0.25,0.0
1071,Spain,Madrid,54.09090909090909,0.4090909090909091,0.0,0.0,0.25,0.0
1072,Spain,Melilla,49.27272727272727,0.5,0.0,0.0,0.25,0.0
1073,Spain,Murcia,39.4,0.6571428571428571,0.0,0.0,0.25,0.0
1074,Spain,Navarra,48.16129032258065,0.45161290322580644,0.0,0.0,0.25,0.0
1075,Spain,Navarre,58.0,0.3333333333333333,0.0,0.0,0.25,0.0
1076,Spain,Pais Vasco,36.69444444444444,0.6666666666666666,0.0,0.0,0.25,0.0
1077,Spain,Principado de Asturias,53.5,0.5,0.0,0.0,0.25,0.0
1078,Spain,Region de Murcia,53.5,0.5,0.0,0.0,0.25,0.0
1079,Spain,Valencian Community,65.66666666666667,0.3333333333333333,0.0,0.0,0.25,0.0
1080,Sweden,Blekinge,47.25,0.5,0.0,0.0,0.25,0.0
1081,Sweden,Dalarna,44.41025641025641,0.5384615384615384,0.0,0.0,0.25,0.0
1082,Sweden,Gavleborg,49.16216216216216,0.35135135135135137,0.0,0.0,0.25,0.0
1083,Sweden,Gotland,43.416666666666664,0.5833333333333334,0.0,0.0,0.25,0.0
1084,Sweden,Halland,43.43589743589744,0.5897435897435898,0.0,0.0,0.25,0.0
1085,Sweden,Jamtland,40.0,1.0,0.0,0.0,0.25,0.0
1086,Sweden,Jamtland Harjedalen,43.63636363636363,0.5454545454545454,0.0,0.0,0.25,0.0
1087,Sweden,Jonkoping,43.93181818181818,0.5909090909090909,0.0,0.0,0.25,0.0
1088,Sweden,Kalmar,41.03846153846154,0.6153846153846154,0.0,0.0,0.25,0.0
1089,Sweden,Kronoberg,42.47826086956522,0.5869565217391305,0.0,0.0,0.25,0.0
1090,Sweden,Norrbotten,39.16216216216216,0.6486486486486487,0.0,0.0,0.25,0.0
1091,Sweden,Orebro,45.13157894736842,0.5263157894736842,0.0,0.0,0.25,0.0
1092,Sweden,Ostergotland,42.891891891891895,0.5405405405405406,0.0,0.0,0.25,0.0
1093,Sweden,Skane,49.0,0.42857142857142855,0.0,0.0,0.25,0.0
1094,Sweden,Sodermanland,43.333333333333336,0.6666666666666666,0.0,0.0,0.25,0.0
1095,Sweden,Sormland,45.516129032258064,0.5483870967741935,0.0,0.0,0.25,0.0
1096,Sweden,Stockholm,51.51428571428571,0.37142857142857144,0.0,0.0,0.25,0.0
1097,Sweden,Uppsala,45.17948717948718,0.38461538461538464,0.0,0.0,0.25,0.0
1098,Sweden,Varmland,43.6764705882353,0.6176470588235294,0.0,0.0,0.25,0.0
1099,Sweden,Vasterbotten,44.59375,0.59375,0.0,0.0,0.25,0.0
1100,Sweden,Vasternorrland,41.857142857142854,0.6285714285714286,0.0,0.0,0.25,0.0
1101,Sweden,Vastmanland,46.41025641025641,0.48717948717948717,0.0,0.0,0.25,0.0
1102,Sweden,Vastra Gotaland,41.2,0.5333333333333333,0.0,0.0,0.25,0.0
1103,Switzerland,Aargau,41.333333333333336,0.6666666666666666,0.0,0.0,0.25,0.0
1104,Switzerland,Basel,51.0,0.6,0.0,0.0,0.25,0.0
1105,Switzerland,Basel-Landschaft,52.31578947368421,0.3157894736842105,0.0,0.0,0.25,0.0
1106,Switzerland,Bern,46.94736842105263,0.47368421052631576,0.0,0.0,0.25,0.0
1107,Switzerland,Fribourg,29.0,1.0,0.0,0.0,0.25,0.0
1108,Switzerland,Geneva,41.5,1.0,0.125,0.0,0.125,0.0
1109,Switzerland,Graubunden,67.0,0.0,0.0,0.0,0.25,0.0
1110,Switzerland,Jura,67.0,0.0,0.0,0.0,0.25,0.0
1111,Switzerland,Lucerne,8.0,0.0,0.0,0.0,0.25,0.0
1112,Switzerland,Nidwalden,31.5,0.5,0.0,0.0,0.25,0.0
1113,Switzerland,Obwalden,25.0,0.0,0.0,0.0,0.25,0.0
1114,Switzerland,Sankt Gallen,31.5,0.5,0.0,0.0,0.25,0.0
1115,Switzerland,Schwyz,24.0,0.5,0.0,0.0,0.25,0.0
1116,Switzerland,Thurgau,41.0,0.3333333333333333,0.0,0.0,0.25,0.0
1117,Switzerland,Ticino,45.333333333333336,0.5769230769230769,0.003205128205128205,0.0,0.2467948717948718,0.0
1118,Switzerland,Valais,36.166666666666664,0.6666666666666666,0.0,0.0,0.25,0.0
1119,Switzerland,Vaud,63.0,0.75,0.0625,0.0,0.1875,0.0
1120,Switzerland,Zug,40.0,0.0,0.0,0.0,0.25,0.0
1121,Switzerland,Zurich,40.8125,0.6875,0.0,0.0,0.25,0.0
1122,Thailand,Bangkok Metropolis,50.5,0.3333333333333333,0.08333333333333333,0.0,0.16666666666666666,0.0
1123,Thailand,Nakhon Pathom,73.0,0.0,0.0,0.0,0.25,0.0
1124,Thailand,Nonthaburi,57.8,0.6,0.0,0.0,0.25,0.0
1125,Thailand,Prachuap Khiri Khan,73.0,0.0,0.0,0.0,0.25,0.0
1126,Ukraine,Chernivtsi,25.0,0.5,0.0,0.0,0.25,0.0
1127,Ukraine,Zhytomyr,71.0,0.0,0.0,0.0,0.25,0.0
1128,United Arab Emirates,Abu Dhabi,37.0,1.0,0.0,0.0,0.25,0.0
1129,United Kingdom,England,44.93248363761626,0.5527040992077161,0.0,0.0,0.25,0.0
1130,United Kingdom,Northern Ireland,44.03260869565217,0.5652173913043478,0.0,0.0,0.25,0.0
1131,United Kingdom,Scotland,44.85885167464115,0.5598086124401914,0.0,0.0,0.25,0.0
1132,United Kingdom,Wales,45.49927431059506,0.5616835994194485,0.0,0.0,0.25,0.0
1133,United States,Alabama,42.92248062015504,0.5891472868217055,0.0,0.0,0.25,0.0
1134,United States,Alaska,48.07142857142857,0.6071428571428571,0.0,0.0,0.25,0.0
1135,United States,Arizona,44.1764705882353,0.5294117647058824,0.0,0.0,0.25,0.0
1136,United States,Arkansas,45.36363636363637,0.6363636363636364,0.0,0.0,0.25,0.0
1137,United States,California,47.43478260869565,0.5579710144927537,0.0,0.0,0.25,0.0
1138,United States,Colorado,46.622093023255815,0.5174418604651163,0.0,0.0,0.25,0.0
1139,United States,Connecticut,36.75438596491228,0.6842105263157895,0.0,0.0,0.25,0.0
1140,United States,Delaware,44.68181818181818,0.5,0.0,0.0,0.25,0.0
1141,United States,District of Columbia,42.60344827586207,0.6206896551724138,0.0,0.0,0.25,0.0
1142,United States,Florida,51.414009878760666,0.5424337674000899,0.0,0.0,0.25,0.0
1143,United States,Georgia,46.439655172413794,0.5344827586206896,0.0,0.0,0.25,0.0
1144,United States,Hawaii,40.46153846153846,0.6153846153846154,0.0,0.0,0.25,0.0
1145,United States,Idaho,38.357142857142854,0.6428571428571429,0.0,0.0,0.25,0.0
1146,United States,Illinois,52.97402597402598,0.4155844155844156,0.0,0.0,0.25,0.0
1147,United States,Indiana,38.05882352941177,0.7058823529411765,0.0,0.0,0.25,0.0
1148,United States,Iowa,55.791666666666664,0.375,0.0,0.0,0.25,0.0
1149,United States,Kansas,50.19047619047619,0.42857142857142855,0.0,0.0,0.25,0.0
1150,United States,Kentucky,55.44,0.56,0.0,0.0,0.23,0.02
1151,United States,Louisiana,46.37391304347826,0.5391304347826087,0.0,0.0,0.25,0.0
1152,United States,Maine,46.41025641025641,0.5384615384615384,0.0,0.0,0.25,0.0
1153,United States,Maryland,42.96666666666667,0.5666666666666667,0.0,0.0,0.25,0.0
1154,United States,Massachusetts,41.08571428571429,0.5857142857142857,0.0,0.0,0.25,0.0
1155,United States,Michigan,43.26984126984127,0.5634920634920635,0.0,0.0,0.25,0.0
1156,United States,Minnesota,42.5609756097561,0.5853658536585366,0.0,0.0,0.25,0.0
1157,United States,Mississippi,39.541666666666664,0.625,0.0,0.0,0.25,0.0
1158,United States,Missouri,57.785714285714285,0.2857142857142857,0.0,0.0,0.21428571428571427,0.03571428571428571
1159,United States,Montana,41.407407407407405,0.5925925925925926,0.0,0.0,0.25,0.0
1160,United States,Nebraska,46.1,0.7,0.0,0.0,0.25,0.0
1161,United States,Nevada,40.15625,0.5625,0.0,0.0,0.25,0.0
1162,United States,New Hampshire,46.74074074074074,0.5555555555555556,0.0,0.0,0.25,0.0
1163,United States,New Jersey,44.921875,0.578125,0.0,0.0,0.25,0.0
1164,United States,New Mexico,48.794871794871796,0.47435897435897434,0.0,0.0,0.2467948717948718,0.003205128205128205
1165,United States,New York,46.04255319148936,0.5390070921985816,0.0,0.0,0.25,0.0
1166,United States,North Carolina,50.791666666666664,0.5,0.0,0.0,0.25,0.0
1167,United States,North Dakota,42.65,0.55,0.0,0.0,0.25,0.0
1168,United States,Ohio,43.3203125,0.5703125,0.0,0.0,0.25,0.0
1169,United States,Oklahoma,43.4054054054054,0.5135135135135135,0.0,0.0,0.25,0.0
1170,United States,Oregon,49.04255319148936,0.5957446808510638,0.0,0.0,0.2393617021276596,0.010638297872340425
1171,United States,Pennsylvania,43.80232558139535,0.5348837209302325,0.0,0.0,0.25,0.0
1172,United States,Rhode Island,37.76923076923077,0.5384615384615384,0.0,0.0,0.25,0.0
1173,United States,South Carolina,46.54054054054054,0.5,0.0,0.0,0.25,0.0
1174,United States,South Dakota,44.333333333333336,0.7777777777777778,0.0,0.0,0.2222222222222222,0.027777777777777776
1175,United States,Tennessee,42.61038961038961,0.6233766233766234,0.0,0.0,0.25,0.0
1176,United States,Texas,45.794520547945204,0.5342465753424658,0.0,0.0,0.25,0.0
1177,United States,Utah,45.111111111111114,0.7111111111111111,0.0,0.0,0.25,0.0
1178,United States,Vermont,54.39393939393939,0.6666666666666666,0.0,0.0,0.24242424242424243,0.007575757575757576
1179,United States,Virginia,46.144444444444446,0.45555555555555555,0.0,0.0,0.25,0.0
1180,United States,Washington,53.53888888888889,0.4666666666666667,0.005555555555555556,0.0,0.2,0.044444444444444446
1181,United States,West Virginia,41.9,0.7,0.0,0.0,0.25,0.0
1182,United States,Wisconsin,44.50847457627118,0.559322033898305,0.0,0.0,0.25,0.0
1183,United States,Wyoming,49.578947368421055,0.631578947368421,0.0,0.0,0.25,0.0
1184,Venezuela,Greater Caracas,46.5,0.5,0.0,0.0,0.25,0.0
1185,Vietnam,Khanh Hoa,39.666666666666664,0.6666666666666666,0.25,0.0,0.0,0.0
1186,Vietnam,Thanh Hoa,25.0,0.0,0.25,0.0,0.0,0.0
1187,Vietnam,Vinh Phuc,32.0,0.2727272727272727,0.25,0.0,0.0,0.0
1188,Zimbabwe,Bulawayo,41.3,0.1,0.225,0.0,0.0,0.025
1189,Zimbabwe,Bulawayo Metro,48.5,1.0,0.25,0.0,0.0,0.0
1190,Zimbabwe,Harare,34.25,0.5,0.21875,0.0,0.0,0.03125
1191,Zimbabwe,Harare Metro,33.0,0.6666666666666666,0.2222222222222222,0.0,0.0,0.027777777777777776
1192,Zimbabwe,Mash East,50.5,0.25,0.1875,0.0,0.0,0.0625
1193,Zimbabwe,Mash West,36.0,1.0,0.25,0.0,0.0,0.0
1194,Zimbabwe,Matabeleland North,38.0,1.0,0.25,0.0,0.0,0.0
