,Province_State,Country_Region,Last_Update,Lat,Long_,Confirmed,Deaths,Recovered,Active,Combined_Key,Incidence_Rate,Case-Fatality_Ratio,geom
0,ولایت غزنی,Afghanistan,2020-09-20 04:22:56,33.93911,67.709953,38919,1437,32576,4906.0,Afghanistan,99.9760046286072,3.692283974408386,"33.93911, 67.709953"
1,Shqipëria qendrore,Albania,2020-09-20 04:22:56,41.1533,20.1683,12226,358,6888,4980.0,Albania,424.83841823615273,2.9281858334696547,"41.1533, 20.1683"
2,Adrar ⴰⴷⵔⴰⵔ أدرار,Algeria,2020-09-20 04:22:56,28.0339,1.6596,49623,1665,34923,13035.0,Algeria,113.16264472888365,3.3552989541140197,"28.0339, 1.6596"
3,,Andorra,2020-09-20 04:22:56,42.5063,1.5218,1564,53,1164,347.0,Andorra,2024.202420242024,3.3887468030690537,"42.5063, 1.5218"
4,Malanje,Angola,2020-09-20 04:22:56,-11.2027,17.8739,3901,147,1445,2309.0,Angola,11.869312329589718,3.7682645475519103,"-11.2027, 17.8739"
5,,Antigua and Barbuda,2020-09-20 04:22:56,17.0608,-61.7964,96,3,92,1.0,Antigua and Barbuda,98.03120660076792,3.125,"17.0608, -61.7964"
6,La Pampa,Argentina,2020-09-20 04:22:56,-38.4161,-63.6167,622934,12799,478077,132058.0,Argentina,1378.3013399681124,2.0546317908478264,"-38.4161, -63.6167"
7,Արարատի մարզ,Armenia,2020-09-20 04:22:56,40.0691,45.0382,47154,928,42551,3675.0,Armenia,1591.3019356554364,1.9680196801968015,"40.0691, 45.0382"
16,Steiermark,Austria,2020-09-20 04:22:56,47.5162,14.5501,37474,765,28961,7748.0,Austria,416.08189731746313,2.0414153813310563,"47.5162, 14.5501"
17,Ağcabədi rayonu,Azerbaijan,2020-09-20 04:22:56,40.1431,47.5769,39042,574,36601,1867.0,Azerbaijan,385.06091471939277,1.4702115670303777,"40.1431, 47.5769"
18,,Bahamas,2020-09-20 04:22:56,25.025885,-78.035889,3214,73,1679,1462.0,Bahamas,817.2959557327691,2.271313005600498,"25.025885, -78.035889"
19,المحافظة الجنوبية,Bahrain,2020-09-20 04:22:56,26.0275,50.55,64499,221,57299,6979.0,Bahrain,3790.529171953409,0.3426409711778477,"26.0275, 50.55"
20,ঢাকা বিভাগ,Bangladesh,2020-09-20 04:22:56,23.685,90.3563,347372,4913,254386,88073.0,Bangladesh,210.92555796386702,1.4143339129233214,"23.685, 90.3563"
21,,Barbados,2020-09-20 04:22:56,13.1939,-59.5432,185,7,172,6.0,Barbados,64.37671163756956,3.7837837837837838,"13.1939, -59.5432"
22,Минская область,Belarus,2020-09-20 04:22:56,53.7098,27.9534,75461,776,73212,1473.0,Belarus,798.5864804465845,1.0283457680126158,"53.7098, 27.9534"
23,Vlaanderen,Belgium,2020-09-20 04:22:56,50.8333,4.469936,100748,9944,18945,71859.0,Belgium,869.2954106503615,9.870171120022233,"50.8333, 4.469936"
24,Belize District,Belize,2020-09-20 04:22:56,17.1899,-88.4976,1606,20,876,710.0,Belize,403.902208384366,1.2453300124533002,"17.1899, -88.4976"
25,Borgou,Benin,2020-09-20 04:22:56,9.3077,2.3158,2280,40,1950,290.0,Benin,18.806918768463568,1.7543859649122806,"9.3077, 2.3158"
26,ཀྲོང་གསར་རྫོང་ཁག་,Bhutan,2020-09-20 04:22:56,27.5142,90.4336,259,0,190,69.0,Bhutan,33.566092803118664,0.0,"27.5142, 90.4336"
27,Santa Cruz,Bolivia,2020-09-20 04:22:56,-16.2902,-63.5887,130470,7586,89032,33852.0,Bolivia,1117.7047534106187,5.8143634552004295,"-16.2902, -63.5887"
28,Federacija Bosne i Hercegovine,Bosnia and Herzegovina,2020-09-20 04:22:56,43.9159,17.6791,25217,758,17489,6970.0,Bosnia and Herzegovina,768.6199922885014,3.005908712376572,"43.9159, 17.6791"
29,Ghanzi District,Botswana,2020-09-20 04:22:56,-22.3285,24.6849,2567,13,624,1930.0,Botswana,109.15856056981876,0.5064277366575769,"-22.3285, 24.6849"
57,,Brunei,2020-09-20 04:22:56,4.5353,114.7277,145,3,142,0.0,Brunei,33.144145029635446,2.0689655172413794,"4.5353, 114.7277"
58,Стара Загора,Bulgaria,2020-09-20 04:22:56,42.7339,25.4858,18819,755,13558,4506.0,Bulgaria,270.8375758892817,4.0119028641266805,"42.7339, 25.4858"
59,,Burkina Faso,2020-09-20 04:22:56,12.2383,-1.5616,1816,56,1176,584.0,Burkina Faso,8.687632628719763,3.0837004405286343,"12.2383, -1.5616"
60,စစ်ကိုင်းတိုင်း (Sagaing),Burma,2020-09-20 04:22:56,21.9162,95.956,5263,81,1188,3994.0,Burma,9.672890876962336,1.5390461713851415,"21.9162, 95.956"
61,,Burundi,2020-09-20 04:22:56,-3.3731,29.9189,473,1,374,98.0,Burundi,3.9778715964914335,0.211416490486258,"-3.3731, 29.9189"
62,,Cabo Verde,2020-09-20 04:22:56,16.5388,-23.0418,5186,50,4581,555.0,Cabo Verde,932.7539443297336,0.9641342074816814,"16.5388, -23.0418"
63,រាជធានីភ្នំពេញ,Cambodia,2020-09-20 04:22:56,11.55,104.9167,275,0,274,1.0,Cambodia,1.644838070476945,0.0,"11.55, 104.9167"
64,Centre,Cameroon,2020-09-20 04:22:56,3.848,11.5021,20431,416,19124,891.0,Cameroon,76.9649087330516,2.0361215799520336,"3.848, 11.5021"
79,Ouaka,Central African Republic,2020-09-20 04:22:56,6.6111,20.9394,4786,62,1830,2894.0,Central African Republic,99.09386876874315,1.2954450480568325,"6.6111, 20.9394"
80,Borkou بوركو,Chad,2020-09-20 04:22:56,15.4542,18.7322,1149,81,966,102.0,Chad,6.995067959611733,7.049608355091382,"15.4542, 18.7322"
164,Ngazidja القمر الكبرى,Comoros,2020-09-20 04:22:56,-11.6455,43.3333,470,7,450,13.0,Comoros,54.04814885090185,1.4893617021276595,"-11.6455, 43.3333"
165,Cuvette,Congo (Brazzaville),2020-09-20 04:22:56,-0.228,15.8277,4986,89,3887,1010.0,Congo (Brazzaville),90.35731916031843,1.784997994384276,"-0.228, 15.8277"
166,Kasaï,Congo (Kinshasa),2020-09-20 04:22:56,-4.0383,21.7587,10488,268,9891,329.0,Congo (Kinshasa),11.710401502861655,2.555301296720061,"-4.0383, 21.7587"
167,Provincia Cartago,Costa Rica,2020-09-20 04:22:56,9.7489,-83.7534,63712,706,23552,39454.0,Costa Rica,1250.6983550034413,1.1081115017579106,"9.7489, -83.7534"
168,Vallée du Bandama,Cote d'Ivoire,2020-09-20 04:22:56,7.54,-5.5471,19269,120,18392,757.0,Cote d'Ivoire,73.04874939699431,0.6227619492449011,"7.54, -5.5471"
169,,Croatia,2020-09-20 04:22:56,45.1,15.2,14725,244,12353,2128.0,Croatia,358.6854743709788,1.6570458404074704,"45.1, 15.2"
170,,Cuba,2020-09-20 04:22:56,21.521757,-77.78116700000002,5055,113,4284,658.0,Cuba,44.629393280393714,2.235410484668645,"21.521757, -77.78116700000002"
171,Κύπρος,Cyprus,2020-09-20 04:22:56,35.1264,33.4299,1590,22,1282,286.0,Cyprus,131.69217823004058,1.3836477987421385,"35.1264, 33.4299"
172,Jihovýchod,Czechia,2020-09-20 04:22:56,49.8175,15.473,48306,499,24228,23579.0,Czechia,451.07929026307073,1.0329979712665094,"49.8175, 15.473"
175,Region Midtjylland,Denmark,2020-09-20 04:22:56,56.2639,9.5018,22436,635,17316,4485.0,Denmark,387.3483025370485,2.8302727758958817,"56.2639, 9.5018"
177,Tadjourah تجرة,Djibouti,2020-09-20 04:22:56,11.8251,42.5903,5403,61,5333,9.0,Djibouti,546.8612411715766,1.1290024060707016,"11.8251, 42.5903"
178,Saint Joseph Parish,Dominica,2020-09-20 04:22:56,15.415,-61.371,24,0,18,6.0,Dominica,33.337500520898445,0.0,"15.415, -61.371"
179,Monte Plata,Dominican Republic,2020-09-20 04:22:56,18.7357,-70.1627,107700,2044,80820,24836.0,Dominican Republic,992.8185205178804,1.8978644382544103,"18.7357, -70.1627"
180,Morona Santiago,Ecuador,2020-09-20 04:22:56,-1.8312,-78.1834,125620,11084,97063,17473.0,Ecuador,712.0080076812072,8.82343575863716,"-1.8312, -78.1834"
181,الوادي الجديد,Egypt,2020-09-20 04:22:56,26.820553000000004,30.802498,101900,5750,88666,7484.0,Egypt,99.57550639153091,5.642787046123651,"26.820553000000004, 30.802498"
182,Departamento de Cabañas,El Salvador,2020-09-20 04:22:56,13.7942,-88.8965,27428,808,21247,5373.0,El Salvador,422.86694476473986,2.945894706139711,"13.7942, -88.8965"
183,Centro Sur,Equatorial Guinea,2020-09-20 04:22:56,1.6508,10.2679,5002,83,4509,410.0,Equatorial Guinea,356.5255508790187,1.6593362654938024,"1.6508, 10.2679"
184,ዞባ ሰሜናዊ ቀይሕ ባሕሪ Northern Red Sea zone شمال البحر الأحمر,Eritrea,2020-09-20 04:22:56,15.1794,39.7823,364,0,305,59.0,Eritrea,10.263851476429657,0.0,"15.1794, 39.7823"
185,,Estonia,2020-09-20 04:22:56,58.5953,25.0136,2875,64,2374,437.0,Estonia,216.72939883410893,2.226086956521739,"58.5953, 25.0136"
186,Manzini,Eswatini,2020-09-20 04:22:56,-26.5225,31.4659,5245,104,4571,570.0,Eswatini,452.09125606379786,1.982840800762631,"-26.5225, 31.4659"
187,ኦሮሚያ ክልል / Oromia,Ethiopia,2020-09-20 04:22:56,9.145,40.4897,68131,1089,27939,39103.0,Ethiopia,59.26311465083687,1.5983913343411955,"9.145, 40.4897"
188,Western,Fiji,2020-09-20 04:22:56,-17.7134,178.065,32,2,26,4.0,Fiji,3.5696596775704896,6.25,"-17.7134, 178.065"
189,,Finland,2020-09-20 04:22:56,61.92411,25.748151,8922,339,7700,883.0,Finland,161.0260619652543,3.799596503026226,"61.92411, 25.748151"
200,Nouvelle-Aquitaine,France,2020-09-20 04:22:56,46.2276,2.2137,444978,31085,76583,337913.0,France,681.5168762483625,6.985738620785747,"46.2276, 2.2137"
201,Ogooué-Lolo,Gabon,2020-09-20 04:22:56,-0.8037,11.6094,8696,53,7848,795.0,Gabon,390.70362595968595,0.6094756209751611,"-0.8037, 11.6094"
202,Lower River,Gambia,2020-09-20 04:22:56,13.4432,-15.3101,3504,108,1992,1404.0,Gambia,144.9932634408424,3.0821917808219177,"13.4432, -15.3101"
203,იმერეთი,Georgia,2020-09-20 04:22:56,42.3154,43.3569,3306,19,1481,1806.0,Georgia,82.87427851623455,0.5747126436781609,"42.3154, 43.3569"
221,Bono East Region,Ghana,2020-09-20 04:22:56,7.9465,-1.0232,45877,297,45081,499.0,Ghana,147.64290928973742,0.6473832203500665,"7.9465, -1.0232"
222,Αποκεντρωμένη Διοίκηση Θεσσαλίας - Στερεάς Ελλάδας,Greece,2020-09-20 04:22:56,39.0742,21.8243,14978,331,1347,13300.0,Greece,143.70065746552643,2.2099078648684736,"39.0742, 21.8243"
223,,Grenada,2020-09-20 04:22:56,12.1165,-61.679,24,0,24,0.0,Grenada,21.329730978768033,0.0,"12.1165, -61.679"
224,Alta Verapaz,Guatemala,2020-09-20 04:22:56,15.7835,-90.2308,85152,3105,74497,7550.0,Guatemala,475.29614887432814,3.646420518602029,"15.7835, -90.2308"
225,Kankan,Guinea,2020-09-20 04:22:56,9.9456,-9.6966,10286,63,9681,542.0,Guinea,78.32302529424055,0.612482986583706,"9.9456, -9.6966"
226,Região de Quinara,Guinea-Bissau,2020-09-20 04:22:56,11.8037,-15.1804,2303,39,1127,1137.0,Guinea-Bissau,117.02247664885842,1.6934433347807207,"11.8037, -15.1804"
227,Potaro-Siparuni,Guyana,2020-09-20 04:22:56,4.860416000000002,-58.93018000000001,2168,64,1331,773.0,Guyana,275.6309444046791,2.9520295202952034,"4.860416000000002, -58.93018000000001"
228,Département de l'Artibonite,Haiti,2020-09-20 04:22:56,18.9712,-72.2852,8600,221,6363,2016.0,Haiti,75.42183828803653,2.569767441860465,"18.9712, -72.2852"
229,,Holy See,2020-09-20 04:22:56,41.9029,12.4534,12,0,12,0.0,Holy See,1483.3127317676144,0.0,"41.9029, 12.4534"
230,Olancho,Honduras,2020-09-20 04:22:56,15.2,-86.2419,71143,2166,21810,47167.0,Honduras,718.2818340715753,3.0445721996542177,"15.2, -86.2419"
231,,Hungary,2020-09-20 04:22:56,47.1625,19.5033,16920,675,4382,11863.0,Hungary,175.14893352725315,3.9893617021276597,"47.1625, 19.5033"
232,,Iceland,2020-09-20 04:22:56,64.9631,-19.0208,2307,10,2116,181.0,Iceland,676.0439560439562,0.4334633723450369,"64.9631, -19.0208"
270,Kalimantan Tengah,Indonesia,2020-09-20 04:22:56,-0.7893,113.9213,240687,9448,174350,56889.0,Indonesia,87.99495967479899,3.9254301229397517,"-0.7893, 113.9213"
271,استان یزد,Iran,2020-09-20 04:22:56,32.427908,53.68804599999999,419043,24118,357632,37293.0,Iran,498.90256864763404,5.755495259436383,"32.427908, 53.68804599999999"
272,محافظة الأنبار,Iraq,2020-09-20 04:22:56,33.223191,43.679291,315597,8491,249539,57567.0,Iraq,784.6279481910907,2.6904564999033576,"33.223191, 43.679291"
273,,Ireland,2020-09-20 04:22:56,53.1424,-7.6921,32538,1792,23364,7382.0,Ireland,658.957964241536,5.507406724445263,"53.1424, -7.6921"
274,,Israel,2020-09-20 04:22:56,31.046051,34.851612,183602,1226,132449,49927.0,Israel,2121.2076749448706,0.6677487173342338,"31.046051, 34.851612"
296,,Jamaica,2020-09-20 04:22:56,18.1096,-77.2975,4758,60,1327,3371.0,Jamaica,160.68021968410363,1.2610340479192939,"18.1096, -77.2975"
346,معان,Jordan,2020-09-20 04:22:56,31.24,36.51,4540,30,2672,1838.0,Jordan,44.49610610067096,0.6607929515418502,"31.24, 36.51"
347,Карагандинская область,Kazakhstan,2020-09-20 04:22:56,48.0196,66.9237,107262,1671,101877,3714.0,Kazakhstan,571.250326268605,1.557867651171897,"48.0196, 66.9237"
348,Meru,Kenya,2020-09-20 04:22:56,-0.0236,37.9062,36829,646,23777,12406.0,Kenya,68.4919278499869,1.7540525129653262,"-0.0236, 37.9062"
349,,"Korea, South",2020-09-20 04:22:56,35.90775700000001,127.766922,22975,383,20158,2434.0,"Korea, South",44.8124948665556,1.6670293797606093,"35.90775700000001, 127.766922"
350,,Kosovo,2020-09-20 04:22:56,42.602636,20.902977,12683,488,8788,3407.0,Kosovo,700.5765684949894,3.8476701095955215,"42.602636, 20.902977"
351,الجهراء,Kuwait,2020-09-20 04:22:56,29.31166,47.481766,99049,581,89498,8970.0,Kuwait,2319.342906310011,0.5865783602055549,"29.31166, 47.481766"
352,Нарынская область,Kyrgyzstan,2020-09-20 04:22:56,41.20438,74.766098,45335,1063,41484,2788.0,Kyrgyzstan,694.8754259340352,2.34476673651704,"41.20438, 74.766098"
353,ຫລວງພະບາງ,Laos,2020-09-20 04:22:56,19.85627,102.495496,23,0,22,1.0,Laos,0.3161270423868636,0.0,"19.85627, 102.495496"
354,Zemgale,Latvia,2020-09-20 04:22:56,56.8796,24.6032,1515,36,1248,231.0,Latvia,80.32013538316681,2.376237623762376,"56.8796, 24.6032"
355,محافظة البقاع,Lebanon,2020-09-20 04:22:56,33.8547,35.8623,28297,286,11440,16571.0,Lebanon,414.5812095392503,1.0107078488885748,"33.8547, 35.8623"
356,Thaba-Tseka District,Lesotho,2020-09-20 04:22:56,-29.61,28.2336,1390,33,754,603.0,Lesotho,64.88499018789572,2.3741007194244603,"-29.61, 28.2336"
357,Grand Bassa County,Liberia,2020-09-20 04:22:56,6.4280550000000005,-9.429499,1335,82,1216,37.0,Liberia,26.39551715145115,6.142322097378278,"6.4280550000000005, -9.429499"
358,الجفرة,Libya,2020-09-20 04:22:56,26.3351,17.228331,27234,436,14679,12119.0,Libya,396.34496419666357,1.6009400014687525,"26.3351, 17.228331"
359,,Liechtenstein,2020-09-20 04:22:56,47.14,9.55,113,1,109,3.0,Liechtenstein,296.3001809266592,0.8849557522123894,"47.14, 9.55"
360,Kauno apskritis,Lithuania,2020-09-20 04:22:56,55.1694,23.8813,3664,87,2197,1380.0,Lithuania,134.59251784618178,2.3744541484716155,"55.1694, 23.8813"
361,,Luxembourg,2020-09-20 04:22:56,49.8153,6.1296,7718,124,6703,891.0,Luxembourg,1232.9546180684245,1.6066338429644986,"49.8153, 6.1296"
363,Itasy,Madagascar,2020-09-20 04:22:56,-18.766947,46.869107,16020,219,14630,1171.0,Madagascar,57.852692239314116,1.3670411985018731,"-18.766947, 46.869107"
364,Nkhotakota,Malawi,2020-09-20 04:22:56,-13.2543,34.3015,5718,179,4030,1509.0,Malawi,29.890295089559803,3.1304651976215463,"-13.2543, 34.3015"
365,Pahang,Malaysia,2020-09-20 04:22:56,4.210483999999999,101.975766,10167,130,9315,722.0,Malaysia,31.41259540336127,1.2786466017507625,"4.210483999999999, 101.975766"
366,Vaavu,Maldives,2020-09-20 04:22:56,3.2028,73.2207,9649,33,8188,1428.0,Maldives,1785.0601803375132,0.34200435278267177,"3.2028, 73.2207"
367,Tombouctou,Mali,2020-09-20 04:22:56,17.570692,-3.996166000000001,3006,128,2349,529.0,Mali,14.843833098429425,4.258150365934797,"17.570692, -3.996166000000001"
368,Tramuntana,Malta,2020-09-20 04:22:56,35.9375,14.3754,2699,19,2017,663.0,Malta,611.2710315510068,0.7039644312708411,"35.9375, 14.3754"
369,أدرار,Mauritania,2020-09-20 04:22:56,21.0079,-10.9408,7365,161,6927,277.0,Mauritania,158.39867861305987,2.1860149355057708,"21.0079, -10.9408"
370,Plaines Wilhems,Mauritius,2020-09-20 04:22:56,-20.348404,57.552152,366,10,338,18.0,Mauritius,28.77885650437541,2.7322404371584703,"-20.348404, 57.552152"
403,,Moldova,2020-09-20 04:22:56,47.4116,28.3699,46336,1201,34236,10899.0,Moldova,1148.647124428261,2.5919371546961325,"47.4116, 28.3699"
404,,Monaco,2020-09-20 04:22:56,43.7333,7.4167,192,1,152,39.0,Monaco,489.24676383650996,0.5208333333333334,"43.7333, 7.4167"
405,Өвөрхангай,Mongolia,2020-09-20 04:22:56,46.8625,103.8467,312,0,302,10.0,Mongolia,9.517151004242454,0.0,"46.8625, 103.8467"
406,,Montenegro,2020-09-20 04:22:56,42.708678000000006,19.37439,7898,134,5129,2635.0,Montenegro,1257.5191621209372,1.6966320587490504,"42.708678000000006, 19.37439"
407,,Morocco,2020-09-20 04:22:56,31.7917,-7.0926,99816,1795,79008,19013.0,Morocco,270.4266892957836,1.7983088883545724,"31.7917, -7.0926"
408,Sofala,Mozambique,2020-09-20 04:22:56,-18.665695,35.529562,6537,41,3620,2876.0,Mozambique,20.914762504505216,0.6271990209576258,"-18.665695, 35.529562"
409,Omaheke Region,Namibia,2020-09-20 04:22:56,-22.9576,18.4904,10292,111,7969,2212.0,Namibia,405.05077696389816,1.0785075787019045,"-22.9576, 18.4904"
410,,Nepal,2020-09-20 04:22:56,28.1667,84.25,62797,401,45267,17129.0,Nepal,215.5246381140996,0.6385655365702183,"28.1667, 84.25"
428,Wellington,New Zealand,2020-09-20 04:22:56,-40.9006,174.886,1815,25,1719,71.0,New Zealand,37.638164725760866,1.3774104683195592,"-40.9006, 174.886"
429,Matagalpa,Nicaragua,2020-09-20 04:22:56,12.865416,-85.207229,4961,147,2913,1901.0,Nicaragua,74.88806038866919,2.963112275750857,"12.865416, -85.207229"
430,,Niger,2020-09-20 04:22:56,17.607789,8.081666,1183,69,1104,10.0,Niger,4.887089639386488,5.832628909551986,"17.607789, 8.081666"
431,Nasarawa,Nigeria,2020-09-20 04:22:56,9.082,8.6753,57145,1095,48431,7619.0,Nigeria,27.72150698060727,1.9161781433196248,"9.082, 8.6753"
432,Вардарски СР,North Macedonia,2020-09-20 04:22:56,41.6086,21.7453,16557,689,13792,2076.0,North Macedonia,794.7181983123578,4.161381892854986,"41.6086, 21.7453"
433,,Norway,2020-09-20 04:22:56,60.472,8.4689,12858,267,10371,2220.0,Norway,237.178122651599,2.076528231451237,"60.472, 8.4689"
434,محافظة الظاهرة,Oman,2020-09-20 04:22:56,21.512583,55.92325500000001,91753,818,84648,6287.0,Oman,1796.7454806719586,0.8915239828670453,"21.512583, 55.92325500000001"
442,,Panama,2020-09-20 04:22:56,8.538,-80.7821,105601,2247,80190,23164.0,Panama,2447.431704323384,2.127820759273113,"8.538, -80.7821"
443,Southern Highlands,Papua New Guinea,2020-09-20 04:22:56,-6.314993,143.95555,516,6,232,278.0,Papua New Guinea,5.767278896107054,1.162790697674419,"-6.314993, 143.95555"
444,Presidente Hayes,Paraguay,2020-09-20 04:22:56,-23.4425,-58.4438,33015,636,17535,14844.0,Paraguay,462.8792307918789,1.926397092230804,"-23.4425, -58.4438"
471,Romblon,Philippines,2020-09-20 04:22:56,12.879721,121.774017,283460,4930,209885,68645.0,Philippines,258.67602971808503,1.7392224652508292,"12.879721, 121.774017"
472,województwo łódzkie,Poland,2020-09-20 04:22:56,51.9194,19.1451,78330,2282,63861,12187.0,Poland,206.9670449965063,2.9133154602323503,"51.9194, 19.1451"
473,Centro,Portugal,2020-09-20 04:22:56,39.3999,-8.2245,68025,1899,45404,20722.0,Portugal,667.127142125394,2.7916207276736493,"39.3999, -8.2245"
474,الشحانية,Qatar,2020-09-20 04:22:56,25.3548,51.1839,123146,209,120089,2848.0,Qatar,4274.329587026997,0.16971724619557274,"25.3548, 51.1839"
475,,Romania,2020-09-20 04:22:56,45.9432,24.9668,111550,4402,89119,18029.0,Romania,579.851564237313,3.946212460779919,"45.9432, 24.9668"
559,Amajvepfo,Rwanda,2020-09-20 04:22:56,-1.9403,29.8739,4689,26,2910,1753.0,Rwanda,36.20231884769617,0.5544892301130305,"-1.9403, 29.8739"
560,Saint Kitts,Saint Kitts and Nevis,2020-09-20 04:22:56,17.357822,-62.782998,17,0,17,0.0,Saint Kitts and Nevis,31.959693186945405,0.0,"17.357822, -62.782998"
561,Castries,Saint Lucia,2020-09-20 04:22:56,13.9094,-60.9789,27,0,26,1.0,Saint Lucia,14.70355989522352,0.0,"13.9094, -60.9789"
562,,Saint Vincent and the Grenadines,2020-09-20 04:22:56,12.9843,-61.2872,64,0,64,0.0,Saint Vincent and the Grenadines,57.68520104193895,0.0,"12.9843, -61.2872"
563,,San Marino,2020-09-20 04:22:56,43.9424,12.4578,723,42,669,12.0,San Marino,2130.355353880606,5.809128630705394,"43.9424, 12.4578"
564,Província de São Tomé,Sao Tome and Principe,2020-09-20 04:22:56,0.1864,6.6131,908,15,876,17.0,Sao Tome and Principe,414.30729007442017,1.6519823788546255,"0.1864, 6.6131"
565,,Saudi Arabia,2020-09-20 04:22:56,23.885942,45.079162,329271,4458,309430,15383.0,Saudi Arabia,945.8041532703046,1.353899979044617,"23.885942, 45.079162"
566,,Senegal,2020-09-20 04:22:56,14.4974,-14.4524,14688,302,11153,3233.0,Senegal,87.72134140551232,2.056100217864924,"14.4974, -14.4524"
567,Централна Србија,Serbia,2020-09-20 04:22:56,44.0165,21.0059,32840,740,0,32100.0,Serbia,375.8568081699642,2.2533495736906213,"44.0165, 21.0059"
568,,Seychelles,2020-09-20 04:22:56,-4.6796,55.492,141,0,136,5.0,Seychelles,143.38010982306284,0.0,"-4.6796, 55.492"
569,Northern Province,Sierra Leone,2020-09-20 04:22:56,8.460555000000001,-11.779889,2159,72,1650,437.0,Sierra Leone,27.065363668102673,3.33487725798981,"8.460555000000001, -11.779889"
570,,Singapore,2020-09-20 04:22:56,1.2833,103.8333,57558,27,57142,389.0,Singapore,983.8397509342616,0.046909204628374855,"1.2833, 103.8333"
571,Banskobystrický kraj,Slovakia,2020-09-20 04:22:56,48.669,19.699,6546,39,3519,2988.0,Slovakia,119.89794937141492,0.5957836846929423,"48.669, 19.699"
572,,Slovenia,2020-09-20 04:22:56,46.1512,14.9955,4309,141,2981,1187.0,Slovenia,207.2698866533393,3.2722209329310745,"46.1512, 14.9955"
573,Galgaduud جلجدود,Somalia,2020-09-20 04:22:56,5.152149,46.199616,3401,98,2812,491.0,Somalia,21.399063336382643,2.881505439576596,"5.152149, 46.199616"
574,Northern Cape,South Africa,2020-09-20 04:22:56,-30.5595,22.9375,659656,15940,589434,54282.0,South Africa,1112.2417305120043,2.4164109778429967,"-30.5595, 22.9375"
575,Jonglei,South Sudan,2020-09-20 04:22:56,6.877000000000002,31.307,2642,49,1290,1303.0,South Sudan,23.602501007483745,1.854655563966692,"6.877000000000002, 31.307"
596,මධ්‍යම පළාත,Sri Lanka,2020-09-20 04:22:56,7.873054,80.77179699999998,3283,13,3070,200.0,Sri Lanka,15.331628781245255,0.395979287237283,"7.873054, 80.77179699999998"
597,ولاية شمال كردفان,Sudan,2020-09-20 04:22:56,12.8628,30.2176,13535,836,6759,5940.0,Sudan,30.86710521901745,6.176579239009974,"12.8628, 30.2176"
598,Sipaliwini,Suriname,2020-09-20 04:22:56,3.9193,-56.0278,4709,97,4383,229.0,Suriname,802.7151511845544,2.059885325971544,"3.9193, -56.0278"
620,Obwalden,Switzerland,2020-09-20 04:22:56,46.8182,8.2275,49283,2045,40500,6738.0,Switzerland,569.4416553104942,4.149503885721241,"46.8182, 8.2275"
621,محافظة حمص,Syria,2020-09-20 04:22:56,34.802075,38.99681500000001,3765,170,932,2663.0,Syria,21.513478036853126,4.51527224435591,"34.802075, 38.99681500000001"
622,臺灣省,Taiwan*,2020-09-20 04:22:56,23.7,121.0,506,7,479,20.0,Taiwan*,2.12455296739378,1.383399209486166,"23.7, 121.0"
623,Ноҳияҳои тобеи ҷумҳурӣ,Tajikistan,2020-09-20 04:22:56,38.861,71.2761,9303,73,8066,1164.0,Tajikistan,97.53983217235456,0.7846931097495432,"38.861, 71.2761"
624,Singida,Tanzania,2020-09-20 04:22:56,-6.369028,34.888822,509,21,183,305.0,Tanzania,0.852107987092757,4.12573673870334,"-6.369028, 34.888822"
625,จังหวัดเพชรบูรณ์,Thailand,2020-09-20 04:22:56,15.870032,100.992541,3506,59,3340,107.0,Thailand,5.022924219259783,1.6828294352538506,"15.870032, 100.992541"
626,Manufahi,Timor-Leste,2020-09-20 04:22:56,-8.874217,125.727539,27,0,26,1.0,Timor-Leste,2.0478716545741107,0.0,"-8.874217, 125.727539"
627,Région Centrale,Togo,2020-09-20 04:22:56,8.6195,0.8248,1659,41,1259,359.0,Togo,20.03928860163089,2.471368294153104,"8.6195, 0.8248"
628,,Trinidad and Tobago,2020-09-20 04:22:56,10.6918,-61.2225,3853,61,1695,2097.0,Trinidad and Tobago,275.31438215751297,1.5831819361536466,"10.6918, -61.2225"
629,ولاية قابس,Tunisia,2020-09-20 04:22:56,33.886917,9.537499,9110,138,2366,6606.0,Tunisia,77.08177047434819,1.5148188803512623,"33.886917, 9.537499"
630,,Turkey,2020-09-20 04:22:56,38.9637,35.2433,301348,7445,266117,27786.0,Turkey,357.30535174167863,2.4705655919402147,"38.9637, 35.2433"
3901,Nakasongola,Uganda,2020-09-20 04:22:56,1.373333,32.290275,6017,63,2581,3373.0,Uganda,13.154500338864475,1.047033405351504,"1.373333, 32.290275"
3929,أبو ظبي,United Arab Emirates,2020-09-20 04:22:56,23.424076,53.847818,84242,404,73512,10326.0,United Arab Emirates,851.755237401925,0.4795707604282899,"23.424076, 53.847818"
3945,Tacuarembó,Uruguay,2020-09-20 04:22:56,-32.5228,-55.7658,1904,46,1612,246.0,Uruguay,54.81144603476324,2.4159663865546217,"-32.5228, -55.7658"
3946,Navoiy Viloyati,Uzbekistan,2020-09-20 04:22:56,41.377491,64.585262,50992,427,47271,3294.0,Uzbekistan,152.35500556795515,0.8373862566677126,"41.377491, 64.585262"
3947,Bolívar,Venezuela,2020-09-20 04:22:56,6.4238,-66.5897,65949,539,55155,10255.0,Venezuela,231.92126950036442,0.8172982152875707,"6.4238, -66.5897"
3948,Tỉnh Gia Lai,Vietnam,2020-09-20 04:22:56,14.058324,108.277199,1068,35,942,91.0,Vietnam,1.0972010965066137,3.2771535580524342,"14.058324, 108.277199"
3949,יהודה ושומרון,West Bank and Gaza,2020-09-20 04:22:56,31.9522,35.2332,35003,253,23446,11304.0,West Bank and Gaza,686.1428277952631,0.7227951889838014,"31.9522, 35.2332"
3950,,Western Sahara,2020-09-20 04:22:56,24.2155,-12.8858,10,1,8,1.0,Western Sahara,1.674116485025028,10.0,"24.2155, -12.8858"
3951,محافظة حضرموت,Yemen,2020-09-20 04:22:56,15.552727,48.516388,2026,585,1221,220.0,Yemen,6.79273846200063,28.874629812438307,"15.552727, 48.516388"
3952,Copperbelt Province,Zambia,2020-09-20 04:22:56,-13.133897,27.849332,14070,330,13365,375.0,Zambia,76.53412573441756,2.345415778251599,"-13.133897, 27.849332"
3953,Midlands,Zimbabwe,2020-09-20 04:22:56,-19.015438,29.154857,7672,225,5914,1533.0,Zimbabwe,51.6183656153327,2.93274244004171,"-19.015438, 29.154857"
